Composition,Structure
H5N4S2,"RES
1b:x-dglc-HEX-1:5
2b:x-dglc-HEX-1:5
3b:x-dman-HEX-1:5
4b:x-dman-HEX-1:5
5b:x-dglc-HEX-1:5
6b:x-dgal-HEX-1:5
7b:x-dgro-dgal-NON-2:6|1:a|2:keto|3:d
8s:n-acetyl
9s:n-acetyl
10b:x-dman-HEX-1:5
11b:x-dglc-HEX-1:5
12b:x-dgal-HEX-1:5
13b:x-dgro-dgal-NON-2:6|1:a|2:keto|3:d
14s:n-acetyl
15s:n-acetyl
16s:n-acetyl
17s:n-acetyl
LIN
1:1o(-1+1)2d
2:2o(-1+1)3d
3:3o(-1+1)4d
4:4o(-1+1)5d
5:5o(-1+1)6d
6:6o(-1+2)7d
7:7d(5+1)8n
8:5d(2+1)9n
9:3o(-1+1)10d
10:10o(-1+1)11d
11:11o(-1+1)12d
12:12o(-1+2)13d
13:13d(5+1)14n
14:11d(2+1)15n
15:2d(2+1)16n
16:1d(2+1)17n
"
H5N4S1,"RES
1b:x-dglc-HEX-1:5
2b:x-dglc-HEX-1:5
3b:x-dman-HEX-1:5
4b:x-dman-HEX-1:5
5b:x-dglc-HEX-1:5
6b:x-dgal-HEX-1:5
7s:n-acetyl
8b:x-dman-HEX-1:5
9b:x-dglc-HEX-1:5
10b:x-dgal-HEX-1:5
11b:x-dgro-dgal-NON-2:6|1:a|2:keto|3:d
12s:n-acetyl
13s:n-acetyl
14s:n-acetyl
15s:n-acetyl
LIN
1:1o(-1+1)2d
2:2o(-1+1)3d
3:3o(-1+1)4d
4:4o(-1+1)5d
5:5o(-1+1)6d
6:5d(2+1)7n
7:3o(-1+1)8d
8:8o(-1+1)9d
9:9o(-1+1)10d
10:10o(-1+2)11d
11:11d(5+1)12n
12:9d(2+1)13n
13:2d(2+1)14n
14:1d(2+1)15n
"
H5N5F1S1,"RES
1b:x-dglc-HEX-1:5
2b:x-lgal-HEX-1:5|6:d
3b:x-dglc-HEX-1:5
4b:x-dman-HEX-1:5
5b:x-dglc-HEX-1:5
6s:n-acetyl
7b:x-dman-HEX-1:5
8b:x-dglc-HEX-1:5
9b:x-dgal-HEX-1:5
10s:n-acetyl
11b:x-dman-HEX-1:5
12b:x-dglc-HEX-1:5
13b:x-dgal-HEX-1:5
14b:x-dgro-dgal-NON-2:6|1:a|2:keto|3:d
15s:n-acetyl
16s:n-acetyl
17s:n-acetyl
18s:n-acetyl
LIN
1:1o(-1+1)2d
2:1o(-1+1)3d
3:3o(-1+1)4d
4:4o(-1+1)5d
5:5d(2+1)6n
6:4o(-1+1)7d
7:7o(-1+1)8d
8:8o(-1+1)9d
9:8d(2+1)10n
10:4o(-1+1)11d
11:11o(-1+1)12d
12:12o(-1+1)13d
13:13o(-1+2)14d
14:14d(5+1)15n
15:12d(2+1)16n
16:3d(2+1)17n
17:1d(2+1)18n
"
H5N4F1,"RES
1b:x-dglc-HEX-1:5
2b:x-lgal-HEX-1:5|6:d
3b:x-dglc-HEX-1:5
4b:x-dman-HEX-1:5
5b:x-dman-HEX-1:5
6b:x-dglc-HEX-1:5
7b:x-dgal-HEX-1:5
8s:n-acetyl
9b:x-dman-HEX-1:5
10b:x-dglc-HEX-1:5
11b:x-dgal-HEX-1:5
12s:n-acetyl
13s:n-acetyl
14s:n-acetyl
LIN
1:1o(-1+1)2d
2:1o(-1+1)3d
3:3o(-1+1)4d
4:4o(-1+1)5d
5:5o(-1+1)6d
6:6o(-1+1)7d
7:6d(2+1)8n
8:4o(-1+1)9d
9:9o(-1+1)10d
10:10o(-1+1)11d
11:10d(2+1)12n
12:3d(2+1)13n
13:1d(2+1)14n
"
H5N4,"RES
1b:x-dglc-HEX-1:5
2b:x-dglc-HEX-1:5
3b:x-dman-HEX-1:5
4b:x-dman-HEX-1:5
5b:x-dglc-HEX-1:5
6b:x-dgal-HEX-1:5
7s:n-acetyl
8b:x-dman-HEX-1:5
9b:x-dglc-HEX-1:5
10b:x-dgal-HEX-1:5
11s:n-acetyl
12s:n-acetyl
13s:n-acetyl
LIN
1:1o(-1+1)2d
2:2o(-1+1)3d
3:3o(-1+1)4d
4:4o(-1+1)5d
5:5o(-1+1)6d
6:5d(2+1)7n
7:3o(-1+1)8d
8:8o(-1+1)9d
9:9o(-1+1)10d
10:9d(2+1)11n
11:2d(2+1)12n
12:1d(2+1)13n
"
H3N4F1,"RES
1b:x-dglc-HEX-1:5
2b:x-lgal-HEX-1:5|6:d
3b:x-dglc-HEX-1:5
4b:x-dman-HEX-1:5
5b:x-dman-HEX-1:5
6b:x-dglc-HEX-1:5
7s:n-acetyl
8b:x-dman-HEX-1:5
9b:x-dglc-HEX-1:5
10s:n-acetyl
11s:n-acetyl
12s:n-acetyl
LIN
1:1o(-1+1)2d
2:1o(-1+1)3d
3:3o(-1+1)4d
4:4o(-1+1)5d
5:5o(-1+1)6d
6:6d(2+1)7n
7:4o(-1+1)8d
8:8o(-1+1)9d
9:9d(2+1)10n
10:3d(2+1)11n
11:1d(2+1)12n
"
H4N4F1,"RES
1b:x-dglc-HEX-1:5
2b:x-lgal-HEX-1:5|6:d
3b:x-dglc-HEX-1:5
4b:x-dman-HEX-1:5
5b:x-dman-HEX-1:5
6b:x-dglc-HEX-1:5
7s:n-acetyl
8b:x-dman-HEX-1:5
9b:x-dglc-HEX-1:5
10b:x-dgal-HEX-1:5
11s:n-acetyl
12s:n-acetyl
13s:n-acetyl
LIN
1:1o(-1+1)2d
2:1o(-1+1)3d
3:3o(-1+1)4d
4:4o(-1+1)5d
5:5o(-1+1)6d
6:6d(2+1)7n
7:4o(-1+1)8d
8:8o(-1+1)9d
9:9o(-1+1)10d
10:9d(2+1)11n
11:3d(2+1)12n
12:1d(2+1)13n
"
H5N4F1S1,"RES
1b:x-dglc-HEX-1:5
2b:x-lgal-HEX-1:5|6:d
3b:x-dglc-HEX-1:5
4b:x-dman-HEX-1:5
5b:x-dman-HEX-1:5
6b:x-dglc-HEX-1:5
7b:x-dgal-HEX-1:5
8s:n-acetyl
9b:x-dman-HEX-1:5
10b:x-dglc-HEX-1:5
11b:x-dgal-HEX-1:5
12b:x-dgro-dgal-NON-2:6|1:a|2:keto|3:d
13s:n-acetyl
14s:n-acetyl
15s:n-acetyl
16s:n-acetyl
LIN
1:1o(-1+1)2d
2:1o(-1+1)3d
3:3o(-1+1)4d
4:4o(-1+1)5d
5:5o(-1+1)6d
6:6o(-1+1)7d
7:6d(2+1)8n
8:4o(-1+1)9d
9:9o(-1+1)10d
10:10o(-1+1)11d
11:11o(-1+2)12d
12:12d(5+1)13n
13:10d(2+1)14n
14:3d(2+1)15n
15:1d(2+1)16n
"
H5N4F1S2,"RES
1b:x-dglc-HEX-1:5
2b:x-lgal-HEX-1:5|6:d
3b:x-dglc-HEX-1:5
4b:x-dman-HEX-1:5
5b:x-dman-HEX-1:5
6b:x-dglc-HEX-1:5
7b:x-dgal-HEX-1:5
8b:x-dgro-dgal-NON-2:6|1:a|2:keto|3:d
9s:n-acetyl
10s:n-acetyl
11b:x-dman-HEX-1:5
12b:x-dglc-HEX-1:5
13b:x-dgal-HEX-1:5
14b:x-dgro-dgal-NON-2:6|1:a|2:keto|3:d
15s:n-acetyl
16s:n-acetyl
17s:n-acetyl
18s:n-acetyl
LIN
1:1o(-1+1)2d
2:1o(-1+1)3d
3:3o(-1+1)4d
4:4o(-1+1)5d
5:5o(-1+1)6d
6:6o(-1+1)7d
7:7o(-1+2)8d
8:8d(5+1)9n
9:6d(2+1)10n
10:4o(-1+1)11d
11:11o(-1+1)12d
12:12o(-1+1)13d
13:13o(-1+2)14d
14:14d(5+1)15n
15:12d(2+1)16n
16:3d(2+1)17n
17:1d(2+1)18n
"
H6N5S2,"RES
1b:x-dglc-HEX-1:5
2b:x-dglc-HEX-1:5
3b:x-dman-HEX-1:5
4b:x-dman-HEX-1:5
5b:x-dglc-HEX-1:5
6b:x-dgal-HEX-1:5
7b:x-dgro-dgal-NON-2:6|1:a|2:keto|3:d
8s:n-acetyl
9s:n-acetyl
10b:x-dman-HEX-1:5
11b:x-dglc-HEX-1:5
12b:x-dgal-HEX-1:5
13s:n-acetyl
14b:x-dglc-HEX-1:5
15b:x-dgal-HEX-1:5
16b:x-dgro-dgal-NON-2:6|1:a|2:keto|3:d
17s:n-acetyl
18s:n-acetyl
19s:n-acetyl
20s:n-acetyl
LIN
1:1o(-1+1)2d
2:2o(-1+1)3d
3:3o(-1+1)4d
4:4o(-1+1)5d
5:5o(-1+1)6d
6:6o(-1+2)7d
7:7d(5+1)8n
8:5d(2+1)9n
9:3o(-1+1)10d
10:10o(-1+1)11d
11:11o(-1+1)12d
12:11d(2+1)13n
13:10o(-1+1)14d
14:14o(-1+1)15d
15:15o(-1+2)16d
16:16d(5+1)17n
17:14d(2+1)18n
18:2d(2+1)19n
19:1d(2+1)20n
"
H5N5F1,"RES
1b:x-dglc-HEX-1:5
2b:x-lgal-HEX-1:5|6:d
3b:x-dglc-HEX-1:5
4b:x-dman-HEX-1:5
5b:x-dglc-HEX-1:5
6s:n-acetyl
7b:x-dman-HEX-1:5
8b:x-dglc-HEX-1:5
9b:x-dgal-HEX-1:5
10s:n-acetyl
11b:x-dman-HEX-1:5
12b:x-dglc-HEX-1:5
13b:x-dgal-HEX-1:5
14s:n-acetyl
15s:n-acetyl
16s:n-acetyl
LIN
1:1o(-1+1)2d
2:1o(-1+1)3d
3:3o(-1+1)4d
4:4o(-1+1)5d
5:5d(2+1)6n
6:4o(-1+1)7d
7:7o(-1+1)8d
8:8o(-1+1)9d
9:8d(2+1)10n
10:4o(-1+1)11d
11:11o(-1+1)12d
12:12o(-1+1)13d
13:12d(2+1)14n
14:3d(2+1)15n
15:1d(2+1)16n
"
H5N5F1S2,"RES
1b:x-dglc-HEX-1:5
2b:x-lgal-HEX-1:5|6:d
3b:x-dglc-HEX-1:5
4b:x-dman-HEX-1:5
5b:x-dglc-HEX-1:5
6s:n-acetyl
7b:x-dman-HEX-1:5
8b:x-dglc-HEX-1:5
9b:x-dgal-HEX-1:5
10b:x-dgro-dgal-NON-2:6|1:a|2:keto|3:d
11s:n-acetyl
12s:n-acetyl
13b:x-dman-HEX-1:5
14b:x-dglc-HEX-1:5
15b:x-dgal-HEX-1:5
16b:x-dgro-dgal-NON-2:6|1:a|2:keto|3:d
17s:n-acetyl
18s:n-acetyl
19s:n-acetyl
20s:n-acetyl
LIN
1:1o(-1+1)2d
2:1o(-1+1)3d
3:3o(-1+1)4d
4:4o(-1+1)5d
5:5d(2+1)6n
6:4o(-1+1)7d
7:7o(-1+1)8d
8:8o(-1+1)9d
9:9o(-1+2)10d
10:10d(5+1)11n
11:8d(2+1)12n
12:4o(-1+1)13d
13:13o(-1+1)14d
14:14o(-1+1)15d
15:15o(-1+2)16d
16:16d(5+1)17n
17:14d(2+1)18n
18:3d(2+1)19n
19:1d(2+1)20n
"
H4N5F1,"RES
1b:x-dglc-HEX-1:5
2b:x-lgal-HEX-1:5|6:d
3b:x-dglc-HEX-1:5
4b:x-dman-HEX-1:5
5b:x-dglc-HEX-1:5
6s:n-acetyl
7b:x-dman-HEX-1:5
8b:x-dglc-HEX-1:5
9s:n-acetyl
10b:x-dman-HEX-1:5
11b:x-dglc-HEX-1:5
12b:x-dgal-HEX-1:5
13s:n-acetyl
14s:n-acetyl
15s:n-acetyl
LIN
1:1o(-1+1)2d
2:1o(-1+1)3d
3:3o(-1+1)4d
4:4o(-1+1)5d
5:5d(2+1)6n
6:4o(-1+1)7d
7:7o(-1+1)8d
8:8d(2+1)9n
9:4o(-1+1)10d
10:10o(-1+1)11d
11:11o(-1+1)12d
12:11d(2+1)13n
13:3d(2+1)14n
14:1d(2+1)15n
"
H6N5S1,"RES
1b:x-dglc-HEX-1:5
2b:x-dglc-HEX-1:5
3b:x-dman-HEX-1:5
4b:x-dman-HEX-1:5
5b:x-dglc-HEX-1:5
6b:x-dgal-HEX-1:5
7b:x-dgro-dgal-NON-2:6|1:a|2:keto|3:d
8s:n-acetyl
9s:n-acetyl
10b:x-dman-HEX-1:5
11b:x-dglc-HEX-1:5
12b:x-dgal-HEX-1:5
13s:n-acetyl
14b:x-dglc-HEX-1:5
15b:x-dgal-HEX-1:5
16s:n-acetyl
17s:n-acetyl
18s:n-acetyl
LIN
1:1o(-1+1)2d
2:2o(-1+1)3d
3:3o(-1+1)4d
4:4o(-1+1)5d
5:5o(-1+1)6d
6:6o(-1+2)7d
7:7d(5+1)8n
8:5d(2+1)9n
9:3o(-1+1)10d
10:10o(-1+1)11d
11:11o(-1+1)12d
12:11d(2+1)13n
13:10o(-1+1)14d
14:14o(-1+1)15d
15:14d(2+1)16n
16:2d(2+1)17n
17:1d(2+1)18n
"
H3N5F1,"RES
1b:x-dglc-HEX-1:5
2b:x-lgal-HEX-1:5|6:d
3b:x-dglc-HEX-1:5
4b:x-dman-HEX-1:5
5b:x-dglc-HEX-1:5
6s:n-acetyl
7b:x-dman-HEX-1:5
8b:x-dglc-HEX-1:5
9s:n-acetyl
10b:x-dman-HEX-1:5
11b:x-dglc-HEX-1:5
12s:n-acetyl
13s:n-acetyl
14s:n-acetyl
LIN
1:1o(-1+1)2d
2:1o(-1+1)3d
3:3o(-1+1)4d
4:4o(-1+1)5d
5:5d(2+1)6n
6:4o(-1+1)7d
7:7o(-1+1)8d
8:8d(2+1)9n
9:4o(-1+1)10d
10:10o(-1+1)11d
11:11d(2+1)12n
12:3d(2+1)13n
13:1d(2+1)14n
"
H5N2,"RES
1b:x-dglc-HEX-1:5
2b:x-dglc-HEX-1:5
3b:x-dman-HEX-1:5
4b:x-dman-HEX-1:5
5b:x-dman-HEX-1:5
6b:x-dman-HEX-1:5
7b:x-dman-HEX-1:5
8s:n-acetyl
9s:n-acetyl
LIN
1:1o(-1+1)2d
2:2o(-1+1)3d
3:3o(-1+1)4d
4:3o(-1+1)5d
5:5o(-1+1)6d
6:5o(-1+1)7d
7:2d(2+1)8n
8:1d(2+1)9n
"
H6N2,"RES
1b:x-dglc-HEX-1:5
2b:x-dglc-HEX-1:5
3b:x-dman-HEX-1:5
4b:x-dman-HEX-1:5
5b:x-dman-HEX-1:5
6b:x-dman-HEX-1:5
7b:x-dman-HEX-1:5
8b:x-dman-HEX-1:5
9s:n-acetyl
10s:n-acetyl
LIN
1:1o(-1+1)2d
2:2o(-1+1)3d
3:3o(-1+1)4d
4:4o(-1+1)5d
5:3o(-1+1)6d
6:6o(-1+1)7d
7:6o(-1+1)8d
8:2d(2+1)9n
9:1d(2+1)10n
"
H5N5,"RES
1b:x-dglc-HEX-1:5
2b:x-dglc-HEX-1:5
3b:x-dman-HEX-1:5
4b:x-dglc-HEX-1:5
5s:n-acetyl
6b:x-dman-HEX-1:5
7b:x-dglc-HEX-1:5
8b:x-dgal-HEX-1:5
9s:n-acetyl
10b:x-dman-HEX-1:5
11b:x-dglc-HEX-1:5
12b:x-dgal-HEX-1:5
13s:n-acetyl
14s:n-acetyl
15s:n-acetyl
LIN
1:1o(-1+1)2d
2:2o(-1+1)3d
3:3o(-1+1)4d
4:4d(2+1)5n
5:3o(-1+1)6d
6:6o(-1+1)7d
7:7o(-1+1)8d
8:7d(2+1)9n
9:3o(-1+1)10d
10:10o(-1+1)11d
11:11o(-1+1)12d
12:11d(2+1)13n
13:2d(2+1)14n
14:1d(2+1)15n
"
H8N2,"RES
1b:x-dglc-HEX-1:5
2b:x-dglc-HEX-1:5
3b:x-dman-HEX-1:5
4b:x-dman-HEX-1:5
5b:x-dman-HEX-1:5
6b:x-dman-HEX-1:5
7b:x-dman-HEX-1:5
8b:x-dman-HEX-1:5
9b:x-dman-HEX-1:5
10b:x-dman-HEX-1:5
11s:n-acetyl
12s:n-acetyl
LIN
1:1o(-1+1)2d
2:2o(-1+1)3d
3:3o(-1+1)4d
4:4o(-1+1)5d
5:3o(-1+1)6d
6:6o(-1+1)7d
7:7o(-1+1)8d
8:6o(-1+1)9d
9:9o(-1+1)10d
10:2d(2+1)11n
11:1d(2+1)12n
"
H4N3F1,"RES
1b:x-dglc-HEX-1:5
2b:x-lgal-HEX-1:5|6:d
3b:x-dglc-HEX-1:5
4b:x-dman-HEX-1:5
5b:x-dman-HEX-1:5
6b:x-dman-HEX-1:5
7b:x-dglc-HEX-1:5
8b:x-dgal-HEX-1:5
9s:n-acetyl
10s:n-acetyl
11s:n-acetyl
LIN
1:1o(-1+1)2d
2:1o(-1+1)3d
3:3o(-1+1)4d
4:4o(-1+1)5d
5:4o(-1+1)6d
6:6o(-1+1)7d
7:7o(-1+1)8d
8:7d(2+1)9n
9:3d(2+1)10n
10:1d(2+1)11n
"
H6N5F1S1,"RES
1b:x-dglc-HEX-1:5
2b:x-lgal-HEX-1:5|6:d
3b:x-dglc-HEX-1:5
4b:x-dman-HEX-1:5
5b:x-dman-HEX-1:5
6b:x-dglc-HEX-1:5
7b:x-dgal-HEX-1:5
8b:x-dgro-dgal-NON-2:6|1:a|2:keto|3:d
9s:n-acetyl
10s:n-acetyl
11b:x-dman-HEX-1:5
12b:x-dglc-HEX-1:5
13b:x-dgal-HEX-1:5
14s:n-acetyl
15b:x-dglc-HEX-1:5
16b:x-dgal-HEX-1:5
17s:n-acetyl
18s:n-acetyl
19s:n-acetyl
LIN
1:1o(-1+1)2d
2:1o(-1+1)3d
3:3o(-1+1)4d
4:4o(-1+1)5d
5:5o(-1+1)6d
6:6o(-1+1)7d
7:7o(-1+2)8d
8:8d(5+1)9n
9:6d(2+1)10n
10:4o(-1+1)11d
11:11o(-1+1)12d
12:12o(-1+1)13d
13:12d(2+1)14n
14:11o(-1+1)15d
15:15o(-1+1)16d
16:15d(2+1)17n
17:3d(2+1)18n
18:1d(2+1)19n
"
H4N4,"RES
1b:x-dglc-HEX-1:5
2b:x-dglc-HEX-1:5
3b:x-dman-HEX-1:5
4b:x-dman-HEX-1:5
5b:x-dglc-HEX-1:5
6s:n-acetyl
7b:x-dman-HEX-1:5
8b:x-dglc-HEX-1:5
9b:x-dgal-HEX-1:5
10s:n-acetyl
11s:n-acetyl
12s:n-acetyl
LIN
1:1o(-1+1)2d
2:2o(-1+1)3d
3:3o(-1+1)4d
4:4o(-1+1)5d
5:5d(2+1)6n
6:3o(-1+1)7d
7:7o(-1+1)8d
8:8o(-1+1)9d
9:8d(2+1)10n
10:2d(2+1)11n
11:1d(2+1)12n
"
H9N2,"RES
1b:x-dglc-HEX-1:5
2b:x-dglc-HEX-1:5
3b:x-dman-HEX-1:5
4b:x-dman-HEX-1:5
5b:x-dman-HEX-1:5
6b:x-dman-HEX-1:5
7b:x-dman-HEX-1:5
8b:x-dman-HEX-1:5
9b:x-dman-HEX-1:5
10b:x-dman-HEX-1:5
11b:x-dman-HEX-1:5
12s:n-acetyl
13s:n-acetyl
LIN
1:1o(-1+1)2d
2:2o(-1+1)3d
3:3o(-1+1)4d
4:4o(-1+1)5d
5:5o(-1+1)6d
6:3o(-1+1)7d
7:7o(-1+1)8d
8:8o(-1+1)9d
9:7o(-1+1)10d
10:10o(-1+1)11d
11:2d(2+1)12n
12:1d(2+1)13n
"
H5N5S1,"RES
1b:x-dglc-HEX-1:5
2b:x-dglc-HEX-1:5
3b:x-dman-HEX-1:5
4b:x-dglc-HEX-1:5
5s:n-acetyl
6b:x-dman-HEX-1:5
7b:x-dglc-HEX-1:5
8b:x-dgal-HEX-1:5
9s:n-acetyl
10b:x-dman-HEX-1:5
11b:x-dglc-HEX-1:5
12b:x-dgal-HEX-1:5
13b:x-dgro-dgal-NON-2:6|1:a|2:keto|3:d
14s:n-acetyl
15s:n-acetyl
16s:n-acetyl
17s:n-acetyl
LIN
1:1o(-1+1)2d
2:2o(-1+1)3d
3:3o(-1+1)4d
4:4d(2+1)5n
5:3o(-1+1)6d
6:6o(-1+1)7d
7:7o(-1+1)8d
8:7d(2+1)9n
9:3o(-1+1)10d
10:10o(-1+1)11d
11:11o(-1+1)12d
12:12o(-1+2)13d
13:13d(5+1)14n
14:11d(2+1)15n
15:2d(2+1)16n
16:1d(2+1)17n
"
H4N4S1,"RES
1b:x-dglc-HEX-1:5
2b:x-dglc-HEX-1:5
3b:x-dman-HEX-1:5
4b:x-dman-HEX-1:5
5b:x-dglc-HEX-1:5
6s:n-acetyl
7b:x-dman-HEX-1:5
8b:x-dglc-HEX-1:5
9b:x-dgal-HEX-1:5
10b:x-dgro-dgal-NON-2:6|1:a|2:keto|3:d
11s:n-acetyl
12s:n-acetyl
13s:n-acetyl
14s:n-acetyl
LIN
1:1o(-1+1)2d
2:2o(-1+1)3d
3:3o(-1+1)4d
4:4o(-1+1)5d
5:5d(2+1)6n
6:3o(-1+1)7d
7:7o(-1+1)8d
8:8o(-1+1)9d
9:9o(-1+2)10d
10:10d(5+1)11n
11:8d(2+1)12n
12:2d(2+1)13n
13:1d(2+1)14n
"
H6N5,"RES
1b:x-dglc-HEX-1:5
2b:x-dglc-HEX-1:5
3b:x-dman-HEX-1:5
4b:x-dman-HEX-1:5
5b:x-dglc-HEX-1:5
6b:x-dgal-HEX-1:5
7s:n-acetyl
8b:x-dman-HEX-1:5
9b:x-dglc-HEX-1:5
10b:x-dgal-HEX-1:5
11s:n-acetyl
12b:x-dglc-HEX-1:5
13b:x-dgal-HEX-1:5
14s:n-acetyl
15s:n-acetyl
16s:n-acetyl
LIN
1:1o(-1+1)2d
2:2o(-1+1)3d
3:3o(-1+1)4d
4:4o(-1+1)5d
5:5o(-1+1)6d
6:5d(2+1)7n
7:3o(-1+1)8d
8:8o(-1+1)9d
9:9o(-1+1)10d
10:9d(2+1)11n
11:8o(-1+1)12d
12:12o(-1+1)13d
13:12d(2+1)14n
14:2d(2+1)15n
15:1d(2+1)16n
"
H6N5F1S2,"RES
1b:x-dglc-HEX-1:5
2b:x-lgal-HEX-1:5|6:d
3b:x-dglc-HEX-1:5
4b:x-dman-HEX-1:5
5b:x-dman-HEX-1:5
6b:x-dglc-HEX-1:5
7b:x-dgal-HEX-1:5
8b:x-dgro-dgal-NON-2:6|1:a|2:keto|3:d
9s:n-acetyl
10s:n-acetyl
11b:x-dman-HEX-1:5
12b:x-dglc-HEX-1:5
13b:x-dgal-HEX-1:5
14s:n-acetyl
15b:x-dglc-HEX-1:5
16b:x-dgal-HEX-1:5
17b:x-dgro-dgal-NON-2:6|1:a|2:keto|3:d
18s:n-acetyl
19s:n-acetyl
20s:n-acetyl
21s:n-acetyl
LIN
1:1o(-1+1)2d
2:1o(-1+1)3d
3:3o(-1+1)4d
4:4o(-1+1)5d
5:5o(-1+1)6d
6:6o(-1+1)7d
7:7o(-1+2)8d
8:8d(5+1)9n
9:6d(2+1)10n
10:4o(-1+1)11d
11:11o(-1+1)12d
12:12o(-1+1)13d
13:12d(2+1)14n
14:11o(-1+1)15d
15:15o(-1+1)16d
16:16o(-1+2)17d
17:17d(5+1)18n
18:15d(2+1)19n
19:3d(2+1)20n
20:1d(2+1)21n
"
H4N5,"RES
1b:x-dglc-HEX-1:5
2b:x-dglc-HEX-1:5
3b:x-dman-HEX-1:5
4b:x-dman-HEX-1:5
5b:x-dglc-HEX-1:5
6b:x-dgal-HEX-1:5
7s:n-acetyl
8b:x-dman-HEX-1:5
9b:x-dglc-HEX-1:5
10s:n-acetyl
11b:x-dglc-HEX-1:5
12s:n-acetyl
13s:n-acetyl
14s:n-acetyl
LIN
1:1o(-1+1)2d
2:2o(-1+1)3d
3:3o(-1+1)4d
4:4o(-1+1)5d
5:5o(-1+1)6d
6:5d(2+1)7n
7:3o(-1+1)8d
8:8o(-1+1)9d
9:9d(2+1)10n
10:8o(-1+1)11d
11:11d(2+1)12n
12:2d(2+1)13n
13:1d(2+1)14n
"
H4N4F1S1,"RES
1b:x-dglc-HEX-1:5
2b:x-lgal-HEX-1:5|6:d
3b:x-dglc-HEX-1:5
4b:x-dman-HEX-1:5
5b:x-dman-HEX-1:5
6b:x-dglc-HEX-1:5
7s:n-acetyl
8b:x-dman-HEX-1:5
9b:x-dglc-HEX-1:5
10b:x-dgal-HEX-1:5
11b:x-dgro-dgal-NON-2:6|1:a|2:keto|3:d
12s:n-acetyl
13s:n-acetyl
14s:n-acetyl
15s:n-acetyl
LIN
1:1o(-1+1)2d
2:1o(-1+1)3d
3:3o(-1+1)4d
4:4o(-1+1)5d
5:5o(-1+1)6d
6:6d(2+1)7n
7:4o(-1+1)8d
8:8o(-1+1)9d
9:9o(-1+1)10d
10:10o(-1+2)11d
11:11d(5+1)12n
12:9d(2+1)13n
13:3d(2+1)14n
14:1d(2+1)15n
"
H3N5,"RES
1b:x-dglc-HEX-1:5
2b:x-dglc-HEX-1:5
3b:x-dman-HEX-1:5
4b:x-dglc-HEX-1:5
5s:n-acetyl
6b:x-dman-HEX-1:5
7b:x-dglc-HEX-1:5
8s:n-acetyl
9b:x-dman-HEX-1:5
10b:x-dglc-HEX-1:5
11s:n-acetyl
12s:n-acetyl
13s:n-acetyl
LIN
1:1o(-1+1)2d
2:2o(-1+1)3d
3:3o(-1+1)4d
4:4d(2+1)5n
5:3o(-1+1)6d
6:6o(-1+1)7d
7:7d(2+1)8n
8:3o(-1+1)9d
9:9o(-1+1)10d
10:10d(2+1)11n
11:2d(2+1)12n
12:1d(2+1)13n
"
H4N3S1,"RES
1b:x-dglc-HEX-1:5
2b:x-dglc-HEX-1:5
3b:x-dman-HEX-1:5
4b:x-dman-HEX-1:5
5b:x-dman-HEX-1:5
6b:x-dglc-HEX-1:5
7b:x-dgal-HEX-1:5
8b:x-dgro-dgal-NON-2:6|1:a|2:keto|3:d
9s:n-acetyl
10s:n-acetyl
11s:n-acetyl
12s:n-acetyl
LIN
1:1o(-1+1)2d
2:2o(-1+1)3d
3:3o(-1+1)4d
4:3o(-1+1)5d
5:5o(-1+1)6d
6:6o(-1+1)7d
7:7o(-1+2)8d
8:8d(5+1)9n
9:6d(2+1)10n
10:2d(2+1)11n
11:1d(2+1)12n
"
H3N4,"RES
1b:x-dglc-HEX-1:5
2b:x-dglc-HEX-1:5
3b:x-dman-HEX-1:5
4b:x-dman-HEX-1:5
5b:x-dglc-HEX-1:5
6s:n-acetyl
7b:x-dman-HEX-1:5
8b:x-dglc-HEX-1:5
9s:n-acetyl
10s:n-acetyl
11s:n-acetyl
LIN
1:1o(-1+1)2d
2:2o(-1+1)3d
3:3o(-1+1)4d
4:4o(-1+1)5d
5:5d(2+1)6n
6:3o(-1+1)7d
7:7o(-1+1)8d
8:8d(2+1)9n
9:2d(2+1)10n
10:1d(2+1)11n
"
H6N3S1,"RES
1b:x-dglc-HEX-1:5
2b:x-dglc-HEX-1:5
3b:x-dman-HEX-1:5
4b:x-dman-HEX-1:5
5b:x-dman-HEX-1:5
6b:x-dman-HEX-1:5
7b:x-dman-HEX-1:5
8b:x-dglc-HEX-1:5
9b:x-dgal-HEX-1:5
10b:x-dgro-dgal-NON-2:6|1:a|2:keto|3:d
11s:n-acetyl
12s:n-acetyl
13s:n-acetyl
14s:n-acetyl
LIN
1:1o(-1+1)2d
2:2o(-1+1)3d
3:3o(-1+1)4d
4:4o(-1+1)5d
5:4o(-1+1)6d
6:3o(-1+1)7d
7:7o(-1+1)8d
8:8o(-1+1)9d
9:9o(-1+2)10d
10:10d(5+1)11n
11:8d(2+1)12n
12:2d(2+1)13n
13:1d(2+1)14n
"
H7N2,"RES
1b:x-dglc-HEX-1:5
2b:x-dglc-HEX-1:5
3b:x-dman-HEX-1:5
4b:x-dman-HEX-1:5
5b:x-dman-HEX-1:5
6b:x-dman-HEX-1:5
7b:x-dman-HEX-1:5
8b:x-dman-HEX-1:5
9b:x-dman-HEX-1:5
10s:n-acetyl
11s:n-acetyl
LIN
1:1o(-1+1)2d
2:2o(-1+1)3d
3:3o(-1+1)4d
4:3o(-1+1)5d
5:5o(-1+1)6d
6:6o(-1+1)7d
7:5o(-1+1)8d
8:8o(-1+1)9d
9:2d(2+1)10n
10:1d(2+1)11n
"
H6N5F1S3,"RES
1b:x-dglc-HEX-1:5
2b:x-lgal-HEX-1:5|6:d
3b:x-dglc-HEX-1:5
4b:x-dman-HEX-1:5
5b:x-dman-HEX-1:5
6b:x-dglc-HEX-1:5
7b:x-dgal-HEX-1:5
8b:x-dgro-dgal-NON-2:6|1:a|2:keto|3:d
9s:n-acetyl
10s:n-acetyl
11b:x-dman-HEX-1:5
12b:x-dglc-HEX-1:5
13b:x-dgal-HEX-1:5
14b:x-dgro-dgal-NON-2:6|1:a|2:keto|3:d
15s:n-acetyl
16s:n-acetyl
17b:x-dglc-HEX-1:5
18b:x-dgal-HEX-1:5
19b:x-dgro-dgal-NON-2:6|1:a|2:keto|3:d
20s:n-acetyl
21s:n-acetyl
22s:n-acetyl
23s:n-acetyl
LIN
1:1o(-1+1)2d
2:1o(-1+1)3d
3:3o(-1+1)4d
4:4o(-1+1)5d
5:5o(-1+1)6d
6:6o(-1+1)7d
7:7o(-1+2)8d
8:8d(5+1)9n
9:6d(2+1)10n
10:4o(-1+1)11d
11:11o(-1+1)12d
12:12o(-1+1)13d
13:13o(-1+2)14d
14:14d(5+1)15n
15:12d(2+1)16n
16:11o(-1+1)17d
17:17o(-1+1)18d
18:18o(-1+2)19d
19:19d(5+1)20n
20:17d(2+1)21n
21:3d(2+1)22n
22:1d(2+1)23n
"
H6N5S3,"RES
1b:x-dglc-HEX-1:5
2b:x-dglc-HEX-1:5
3b:x-dman-HEX-1:5
4b:x-dman-HEX-1:5
5b:x-dglc-HEX-1:5
6b:x-dgal-HEX-1:5
7b:x-dgro-dgal-NON-2:6|1:a|2:keto|3:d
8s:n-acetyl
9s:n-acetyl
10b:x-dman-HEX-1:5
11b:x-dglc-HEX-1:5
12b:x-dgal-HEX-1:5
13b:x-dgro-dgal-NON-2:6|1:a|2:keto|3:d
14s:n-acetyl
15s:n-acetyl
16b:x-dglc-HEX-1:5
17b:x-dgal-HEX-1:5
18b:x-dgro-dgal-NON-2:6|1:a|2:keto|3:d
19s:n-acetyl
20s:n-acetyl
21s:n-acetyl
22s:n-acetyl
LIN
1:1o(-1+1)2d
2:2o(-1+1)3d
3:3o(-1+1)4d
4:4o(-1+1)5d
5:5o(-1+1)6d
6:6o(-1+2)7d
7:7d(5+1)8n
8:5d(2+1)9n
9:3o(-1+1)10d
10:10o(-1+1)11d
11:11o(-1+1)12d
12:12o(-1+2)13d
13:13d(5+1)14n
14:11d(2+1)15n
15:10o(-1+1)16d
16:16o(-1+1)17d
17:17o(-1+2)18d
18:18d(5+1)19n
19:16d(2+1)20n
20:2d(2+1)21n
21:1d(2+1)22n
"
H4N4F3S1,"RES
1b:x-dglc-HEX-1:5
2b:x-lgal-HEX-1:5|6:d
3b:x-dglc-HEX-1:5
4b:x-dman-HEX-1:5
5b:x-dman-HEX-1:5
6b:x-dglc-HEX-1:5
7b:x-lgal-HEX-1:5|6:d
8s:n-acetyl
9b:x-dman-HEX-1:5
10b:x-dglc-HEX-1:5
11b:x-lgal-HEX-1:5|6:d
12b:x-dgal-HEX-1:5
13b:x-dgro-dgal-NON-2:6|1:a|2:keto|3:d
14s:n-acetyl
15s:n-acetyl
16s:n-acetyl
17s:n-acetyl
LIN
1:1o(-1+1)2d
2:1o(-1+1)3d
3:3o(-1+1)4d
4:4o(-1+1)5d
5:5o(-1+1)6d
6:6o(-1+1)7d
7:6d(2+1)8n
8:4o(-1+1)9d
9:9o(-1+1)10d
10:10o(-1+1)11d
11:10o(-1+1)12d
12:12o(-1+2)13d
13:13d(5+1)14n
14:10d(2+1)15n
15:3d(2+1)16n
16:1d(2+1)17n
"
H4N3,"RES
1b:x-dglc-HEX-1:5
2b:x-dglc-HEX-1:5
3b:x-dman-HEX-1:5
4b:x-dman-HEX-1:5
5b:x-dman-HEX-1:5
6b:x-dglc-HEX-1:5
7b:x-dgal-HEX-1:5
8s:n-acetyl
9s:n-acetyl
10s:n-acetyl
LIN
1:1o(-1+1)2d
2:2o(-1+1)3d
3:3o(-1+1)4d
4:3o(-1+1)5d
5:5o(-1+1)6d
6:6o(-1+1)7d
7:6d(2+1)8n
8:2d(2+1)9n
9:1d(2+1)10n
"
H4N2,"RES
1b:x-dglc-HEX-1:5
2b:x-dglc-HEX-1:5
3b:x-dman-HEX-1:5
4b:x-dman-HEX-1:5
5b:x-dman-HEX-1:5
6b:x-dman-HEX-1:5
7s:n-acetyl
8s:n-acetyl
LIN
1:1o(-1+1)2d
2:2o(-1+1)3d
3:3o(-1+1)4d
4:3o(-1+1)5d
5:5o(-1+1)6d
6:2d(2+1)7n
7:1d(2+1)8n
"
H5N3S1,"RES
1b:x-dglc-HEX-1:5
2b:x-dglc-HEX-1:5
3b:x-dman-HEX-1:5
4b:x-dman-HEX-1:5
5b:x-dman-HEX-1:5
6b:x-dman-HEX-1:5
7b:x-dglc-HEX-1:5
8b:x-dgal-HEX-1:5
9b:x-dgro-dgal-NON-2:6|1:a|2:keto|3:d
10s:n-acetyl
11s:n-acetyl
12s:n-acetyl
13s:n-acetyl
LIN
1:1o(-1+1)2d
2:2o(-1+1)3d
3:3o(-1+1)4d
4:4o(-1+1)5d
5:3o(-1+1)6d
6:6o(-1+1)7d
7:7o(-1+1)8d
8:8o(-1+2)9d
9:9d(5+1)10n
10:7d(2+1)11n
11:2d(2+1)12n
12:1d(2+1)13n
"
H6N3F1S1,"RES
1b:x-dglc-HEX-1:5
2b:x-lgal-HEX-1:5|6:d
3b:x-dglc-HEX-1:5
4b:x-dman-HEX-1:5
5b:x-dman-HEX-1:5
6b:x-dman-HEX-1:5
7b:x-dman-HEX-1:5
8b:x-dman-HEX-1:5
9b:x-dglc-HEX-1:5
10b:x-dgal-HEX-1:5
11b:x-dgro-dgal-NON-2:6|1:a|2:keto|3:d
12s:n-acetyl
13s:n-acetyl
14s:n-acetyl
15s:n-acetyl
LIN
1:1o(-1+1)2d
2:1o(-1+1)3d
3:3o(-1+1)4d
4:4o(-1+1)5d
5:5o(-1+1)6d
6:5o(-1+1)7d
7:4o(-1+1)8d
8:8o(-1+1)9d
9:9o(-1+1)10d
10:10o(-1+2)11d
11:11d(5+1)12n
12:9d(2+1)13n
13:3d(2+1)14n
14:1d(2+1)15n
"
H5N3F1S1,"RES
1b:x-dglc-HEX-1:5
2b:x-lgal-HEX-1:5|6:d
3b:x-dglc-HEX-1:5
4b:x-dman-HEX-1:5
5b:x-dman-HEX-1:5
6b:x-dman-HEX-1:5
7b:x-dman-HEX-1:5
8b:x-dglc-HEX-1:5
9b:x-dgal-HEX-1:5
10b:x-dgro-dgal-NON-2:6|1:a|2:keto|3:d
11s:n-acetyl
12s:n-acetyl
13s:n-acetyl
14s:n-acetyl
LIN
1:1o(-1+1)2d
2:1o(-1+1)3d
3:3o(-1+1)4d
4:4o(-1+1)5d
5:5o(-1+1)6d
6:4o(-1+1)7d
7:7o(-1+1)8d
8:8o(-1+1)9d
9:9o(-1+2)10d
10:10d(5+1)11n
11:8d(2+1)12n
12:3d(2+1)13n
13:1d(2+1)14n
"
H3N2,"RES
1b:x-dglc-HEX-1:5
2b:x-dglc-HEX-1:5
3b:x-dman-HEX-1:5
4b:x-dman-HEX-1:5
5b:x-dman-HEX-1:5
6s:n-acetyl
7s:n-acetyl
LIN
1:1o(-1+1)2d
2:2o(-1+1)3d
3:3o(-1+1)4d
4:3o(-1+1)5d
5:2d(2+1)6n
6:1d(2+1)7n
"
H4N3F1S1,"RES
1b:x-dglc-HEX-1:5
2b:x-lgal-HEX-1:5|6:d
3b:x-dglc-HEX-1:5
4b:x-dman-HEX-1:5
5b:x-dman-HEX-1:5
6b:x-dman-HEX-1:5
7b:x-dglc-HEX-1:5
8b:x-dgal-HEX-1:5
9b:x-dgro-dgal-NON-2:6|1:a|2:keto|3:d
10s:n-acetyl
11s:n-acetyl
12s:n-acetyl
13s:n-acetyl
LIN
1:1o(-1+1)2d
2:1o(-1+1)3d
3:3o(-1+1)4d
4:4o(-1+1)5d
5:4o(-1+1)6d
6:6o(-1+1)7d
7:7o(-1+1)8d
8:8o(-1+2)9d
9:9d(5+1)10n
10:7d(2+1)11n
11:3d(2+1)12n
12:1d(2+1)13n
"
H4N5F1S1,"RES
1b:x-dglc-HEX-1:5
2b:x-lgal-HEX-1:5|6:d
3b:x-dglc-HEX-1:5
4b:x-dman-HEX-1:5
5b:x-dglc-HEX-1:5
6s:n-acetyl
7b:x-dman-HEX-1:5
8b:x-dglc-HEX-1:5
9s:n-acetyl
10b:x-dman-HEX-1:5
11b:x-dglc-HEX-1:5
12b:x-dgal-HEX-1:5
13b:x-dgro-dgal-NON-2:6|1:a|2:keto|3:d
14s:n-acetyl
15s:n-acetyl
16s:n-acetyl
17s:n-acetyl
LIN
1:1o(-1+1)2d
2:1o(-1+1)3d
3:3o(-1+1)4d
4:4o(-1+1)5d
5:5d(2+1)6n
6:4o(-1+1)7d
7:7o(-1+1)8d
8:8d(2+1)9n
9:4o(-1+1)10d
10:10o(-1+1)11d
11:11o(-1+1)12d
12:12o(-1+2)13d
13:13d(5+1)14n
14:11d(2+1)15n
15:3d(2+1)16n
16:1d(2+1)17n
"
H6N4S1,"RES
1b:x-dglc-HEX-1:5
2b:x-dglc-HEX-1:5
3b:x-dman-HEX-1:5
4b:x-dman-HEX-1:5
5b:x-dman-HEX-1:5
6b:x-dman-HEX-1:5
7b:x-dman-HEX-1:5
8b:x-dglc-HEX-1:5
9s:n-acetyl
10b:x-dglc-HEX-1:5
11b:x-dgal-HEX-1:5
12b:x-dgro-dgal-NON-2:6|1:a|2:keto|3:d
13s:n-acetyl
14s:n-acetyl
15s:n-acetyl
16s:n-acetyl
LIN
1:1o(-1+1)2d
2:2o(-1+1)3d
3:3o(-1+1)4d
4:4o(-1+1)5d
5:4o(-1+1)6d
6:3o(-1+1)7d
7:7o(-1+1)8d
8:8d(2+1)9n
9:7o(-1+1)10d
10:10o(-1+1)11d
11:11o(-1+2)12d
12:12d(5+1)13n
13:10d(2+1)14n
14:2d(2+1)15n
15:1d(2+1)16n
"
H6N6,"RES
1b:x-dglc-HEX-1:5
2b:x-dglc-HEX-1:5
3b:x-dman-HEX-1:5
4b:x-dglc-HEX-1:5
5s:n-acetyl
6b:x-dman-HEX-1:5
7b:x-dglc-HEX-1:5
8b:x-dgal-HEX-1:5
9s:n-acetyl
10b:x-dman-HEX-1:5
11b:x-dglc-HEX-1:5
12b:x-dgal-HEX-1:5
13s:n-acetyl
14b:x-dglc-HEX-1:5
15b:x-dgal-HEX-1:5
16s:n-acetyl
17s:n-acetyl
18s:n-acetyl
LIN
1:1o(-1+1)2d
2:2o(-1+1)3d
3:3o(-1+1)4d
4:4d(2+1)5n
5:3o(-1+1)6d
6:6o(-1+1)7d
7:7o(-1+1)8d
8:7d(2+1)9n
9:3o(-1+1)10d
10:10o(-1+1)11d
11:11o(-1+1)12d
12:11d(2+1)13n
13:10o(-1+1)14d
14:14o(-1+1)15d
15:14d(2+1)16n
16:2d(2+1)17n
17:1d(2+1)18n
"
H7N6S2,"RES
1b:x-dglc-HEX-1:5
2b:x-dglc-HEX-1:5
3b:x-dman-HEX-1:5
4b:x-dman-HEX-1:5
5b:x-dglc-HEX-1:5
6b:x-dgal-HEX-1:5
7s:n-acetyl
8b:x-dglc-HEX-1:5
9b:x-dgal-HEX-1:5
10s:n-acetyl
11b:x-dman-HEX-1:5
12b:x-dglc-HEX-1:5
13b:x-dgal-HEX-1:5
14b:x-dgro-dgal-NON-2:6|1:a|2:keto|3:d
15s:n-acetyl
16s:n-acetyl
17b:x-dglc-HEX-1:5
18b:x-dgal-HEX-1:5
19b:x-dgro-dgal-NON-2:6|1:a|2:keto|3:d
20s:n-acetyl
21s:n-acetyl
22s:n-acetyl
23s:n-acetyl
LIN
1:1o(-1+1)2d
2:2o(-1+1)3d
3:3o(-1+1)4d
4:4o(-1+1)5d
5:5o(-1+1)6d
6:5d(2+1)7n
7:4o(-1+1)8d
8:8o(-1+1)9d
9:8d(2+1)10n
10:3o(-1+1)11d
11:11o(-1+1)12d
12:12o(-1+1)13d
13:13o(-1+2)14d
14:14d(5+1)15n
15:12d(2+1)16n
16:11o(-1+1)17d
17:17o(-1+1)18d
18:18o(-1+2)19d
19:19d(5+1)20n
20:17d(2+1)21n
21:2d(2+1)22n
22:1d(2+1)23n
"
H3N3,"RES
1b:x-dglc-HEX-1:5
2b:x-dglc-HEX-1:5
3b:x-dman-HEX-1:5
4b:x-dman-HEX-1:5
5b:x-dman-HEX-1:5
6b:x-dglc-HEX-1:5
7s:n-acetyl
8s:n-acetyl
9s:n-acetyl
LIN
1:1o(-1+1)2d
2:2o(-1+1)3d
3:3o(-1+1)4d
4:3o(-1+1)5d
5:5o(-1+1)6d
6:6d(2+1)7n
7:2d(2+1)8n
8:1d(2+1)9n
"
H5N4F2,"RES
1b:x-dglc-HEX-1:5
2b:x-lgal-HEX-1:5|6:d
3b:x-dglc-HEX-1:5
4b:x-dman-HEX-1:5
5b:x-dman-HEX-1:5
6b:x-dglc-HEX-1:5
7b:x-dgal-HEX-1:5
8s:n-acetyl
9b:x-dman-HEX-1:5
10b:x-dglc-HEX-1:5
11b:x-lgal-HEX-1:5|6:d
12b:x-dgal-HEX-1:5
13s:n-acetyl
14s:n-acetyl
15s:n-acetyl
LIN
1:1o(-1+1)2d
2:1o(-1+1)3d
3:3o(-1+1)4d
4:4o(-1+1)5d
5:5o(-1+1)6d
6:6o(-1+1)7d
7:6d(2+1)8n
8:4o(-1+1)9d
9:9o(-1+1)10d
10:10o(-1+1)11d
11:10o(-1+1)12d
12:10d(2+1)13n
13:3d(2+1)14n
14:1d(2+1)15n
"
H6N3,"RES
1b:x-dglc-HEX-1:5
2b:x-dglc-HEX-1:5
3b:x-dman-HEX-1:5
4b:x-dman-HEX-1:5
5b:x-dman-HEX-1:5
6b:x-dman-HEX-1:5
7b:x-dman-HEX-1:5
8b:x-dglc-HEX-1:5
9b:x-dgal-HEX-1:5
10s:n-acetyl
11s:n-acetyl
12s:n-acetyl
LIN
1:1o(-1+1)2d
2:2o(-1+1)3d
3:3o(-1+1)4d
4:4o(-1+1)5d
5:4o(-1+1)6d
6:3o(-1+1)7d
7:7o(-1+1)8d
8:8o(-1+1)9d
9:8d(2+1)10n
10:2d(2+1)11n
11:1d(2+1)12n
"
H7N6S1,"RES
1b:x-dglc-HEX-1:5
2b:x-dglc-HEX-1:5
3b:x-dman-HEX-1:5
4b:x-dman-HEX-1:5
5b:x-dglc-HEX-1:5
6b:x-dgal-HEX-1:5
7s:n-acetyl
8b:x-dglc-HEX-1:5
9b:x-dgal-HEX-1:5
10s:n-acetyl
11b:x-dman-HEX-1:5
12b:x-dglc-HEX-1:5
13b:x-dgal-HEX-1:5
14s:n-acetyl
15b:x-dglc-HEX-1:5
16b:x-dgal-HEX-1:5
17b:x-dgro-dgal-NON-2:6|1:a|2:keto|3:d
18s:n-acetyl
19s:n-acetyl
20s:n-acetyl
21s:n-acetyl
LIN
1:1o(-1+1)2d
2:2o(-1+1)3d
3:3o(-1+1)4d
4:4o(-1+1)5d
5:5o(-1+1)6d
6:5d(2+1)7n
7:4o(-1+1)8d
8:8o(-1+1)9d
9:8d(2+1)10n
10:3o(-1+1)11d
11:11o(-1+1)12d
12:12o(-1+1)13d
13:12d(2+1)14n
14:11o(-1+1)15d
15:15o(-1+1)16d
16:16o(-1+2)17d
17:17d(5+1)18n
18:15d(2+1)19n
19:2d(2+1)20n
20:1d(2+1)21n
"
H5N4F3,"RES
1b:x-dglc-HEX-1:5
2b:x-lgal-HEX-1:5|6:d
3b:x-dglc-HEX-1:5
4b:x-dman-HEX-1:5
5b:x-dman-HEX-1:5
6b:x-dglc-HEX-1:5
7b:x-lgal-HEX-1:5|6:d
8b:x-dgal-HEX-1:5
9s:n-acetyl
10b:x-dman-HEX-1:5
11b:x-dglc-HEX-1:5
12b:x-lgal-HEX-1:5|6:d
13b:x-dgal-HEX-1:5
14s:n-acetyl
15s:n-acetyl
16s:n-acetyl
LIN
1:1o(-1+1)2d
2:1o(-1+1)3d
3:3o(-1+1)4d
4:4o(-1+1)5d
5:5o(-1+1)6d
6:6o(-1+1)7d
7:6o(-1+1)8d
8:6d(2+1)9n
9:4o(-1+1)10d
10:10o(-1+1)11d
11:11o(-1+1)12d
12:11o(-1+1)13d
13:11d(2+1)14n
14:3d(2+1)15n
15:1d(2+1)16n
"
H3N3F1,"RES
1b:x-dglc-HEX-1:5
2b:x-lgal-HEX-1:5|6:d
3b:x-dglc-HEX-1:5
4b:x-dman-HEX-1:5
5b:x-dman-HEX-1:5
6b:x-dman-HEX-1:5
7b:x-dglc-HEX-1:5
8s:n-acetyl
9s:n-acetyl
10s:n-acetyl
LIN
1:1o(-1+1)2d
2:1o(-1+1)3d
3:3o(-1+1)4d
4:4o(-1+1)5d
5:4o(-1+1)6d
6:6o(-1+1)7d
7:7d(2+1)8n
8:3d(2+1)9n
9:1d(2+1)10n
"
H5N5S2,"RES
1b:x-dglc-HEX-1:5
2b:x-dglc-HEX-1:5
3b:x-dman-HEX-1:5
4b:x-dglc-HEX-1:5
5s:n-acetyl
6b:x-dman-HEX-1:5
7b:x-dglc-HEX-1:5
8b:x-dgal-HEX-1:5
9b:x-dgro-dgal-NON-2:6|1:a|2:keto|3:d
10s:n-acetyl
11s:n-acetyl
12b:x-dman-HEX-1:5
13b:x-dglc-HEX-1:5
14b:x-dgal-HEX-1:5
15b:x-dgro-dgal-NON-2:6|1:a|2:keto|3:d
16s:n-acetyl
17s:n-acetyl
18s:n-acetyl
19s:n-acetyl
LIN
1:1o(-1+1)2d
2:2o(-1+1)3d
3:3o(-1+1)4d
4:4d(2+1)5n
5:3o(-1+1)6d
6:6o(-1+1)7d
7:7o(-1+1)8d
8:8o(-1+2)9d
9:9d(5+1)10n
10:7d(2+1)11n
11:3o(-1+1)12d
12:12o(-1+1)13d
13:13o(-1+1)14d
14:14o(-1+2)15d
15:15d(5+1)16n
16:13d(2+1)17n
17:2d(2+1)18n
18:1d(2+1)19n
"
H5N3,"RES
1b:x-dglc-HEX-1:5
2b:x-dglc-HEX-1:5
3b:x-dman-HEX-1:5
4b:x-dman-HEX-1:5
5b:x-dman-HEX-1:5
6b:x-dman-HEX-1:5
7b:x-dman-HEX-1:5
8b:x-dglc-HEX-1:5
9s:n-acetyl
10s:n-acetyl
11s:n-acetyl
LIN
1:1o(-1+1)2d
2:2o(-1+1)3d
3:3o(-1+1)4d
4:4o(-1+1)5d
5:4o(-1+1)6d
6:3o(-1+1)7d
7:7o(-1+1)8d
8:8d(2+1)9n
9:2d(2+1)10n
10:1d(2+1)11n
"
H3N2F1,"RES
1b:x-dglc-HEX-1:5
2b:x-lgal-HEX-1:5|6:d
3b:x-dglc-HEX-1:5
4b:x-dman-HEX-1:5
5b:x-dman-HEX-1:5
6b:x-dman-HEX-1:5
7s:n-acetyl
8s:n-acetyl
LIN
1:1o(-1+1)2d
2:1o(-1+1)3d
3:3o(-1+1)4d
4:4o(-1+1)5d
5:4o(-1+1)6d
6:3d(2+1)7n
7:1d(2+1)8n
"
H6N5F3,"RES
1b:x-dglc-HEX-1:5
2b:x-lgal-HEX-1:5|6:d
3b:x-dglc-HEX-1:5
4b:x-dman-HEX-1:5
5b:x-dman-HEX-1:5
6b:x-dglc-HEX-1:5
7b:x-lgal-HEX-1:5|6:d
8b:x-dgal-HEX-1:5
9s:n-acetyl
10b:x-dman-HEX-1:5
11b:x-dglc-HEX-1:5
12b:x-dgal-HEX-1:5
13s:n-acetyl
14b:x-dglc-HEX-1:5
15b:x-lgal-HEX-1:5|6:d
16b:x-dgal-HEX-1:5
17s:n-acetyl
18s:n-acetyl
19s:n-acetyl
LIN
1:1o(-1+1)2d
2:1o(-1+1)3d
3:3o(-1+1)4d
4:4o(-1+1)5d
5:5o(-1+1)6d
6:6o(-1+1)7d
7:6o(-1+1)8d
8:6d(2+1)9n
9:4o(-1+1)10d
10:10o(-1+1)11d
11:11o(-1+1)12d
12:11d(2+1)13n
13:10o(-1+1)14d
14:14o(-1+1)15d
15:14o(-1+1)16d
16:14d(2+1)17n
17:3d(2+1)18n
18:1d(2+1)19n
"
H5N5F2,"RES
1b:x-dglc-HEX-1:5
2b:x-lgal-HEX-1:5|6:d
3b:x-dglc-HEX-1:5
4b:x-dman-HEX-1:5
5b:x-dman-HEX-1:5
6b:x-dglc-HEX-1:5
7b:x-lgal-HEX-1:5|6:d
8b:x-dgal-HEX-1:5
9s:n-acetyl
10b:x-dman-HEX-1:5
11b:x-dglc-HEX-1:5
12s:n-acetyl
13b:x-dglc-HEX-1:5
14b:x-dgal-HEX-1:5
15s:n-acetyl
16s:n-acetyl
17s:n-acetyl
LIN
1:1o(-1+1)2d
2:1o(-1+1)3d
3:3o(-1+1)4d
4:4o(-1+1)5d
5:5o(-1+1)6d
6:6o(-1+1)7d
7:6o(-1+1)8d
8:6d(2+1)9n
9:4o(-1+1)10d
10:10o(-1+1)11d
11:11d(2+1)12n
12:10o(-1+1)13d
13:13o(-1+1)14d
14:13d(2+1)15n
15:3d(2+1)16n
16:1d(2+1)17n
"
H4N6,"RES
1b:x-dglc-HEX-1:5
2b:x-dglc-HEX-1:5
3b:x-dman-HEX-1:5
4b:x-dman-HEX-1:5
5b:x-dglc-HEX-1:5
6s:n-acetyl
7b:x-dglc-HEX-1:5
8s:n-acetyl
9b:x-dman-HEX-1:5
10b:x-dglc-HEX-1:5
11s:n-acetyl
12b:x-dglc-HEX-1:5
13b:x-dgal-HEX-1:5
14s:n-acetyl
15s:n-acetyl
16s:n-acetyl
LIN
1:1o(-1+1)2d
2:2o(-1+1)3d
3:3o(-1+1)4d
4:4o(-1+1)5d
5:5d(2+1)6n
6:4o(-1+1)7d
7:7d(2+1)8n
8:3o(-1+1)9d
9:9o(-1+1)10d
10:10d(2+1)11n
11:9o(-1+1)12d
12:12o(-1+1)13d
13:12d(2+1)14n
14:2d(2+1)15n
15:1d(2+1)16n
"
H7N6S3,"RES
1b:x-dglc-HEX-1:5
2b:x-dglc-HEX-1:5
3b:x-dman-HEX-1:5
4b:x-dman-HEX-1:5
5b:x-dglc-HEX-1:5
6b:x-dgal-HEX-1:5
7s:n-acetyl
8b:x-dglc-HEX-1:5
9b:x-dgal-HEX-1:5
10b:x-dgro-dgal-NON-2:6|1:a|2:keto|3:d
11s:n-acetyl
12s:n-acetyl
13b:x-dman-HEX-1:5
14b:x-dglc-HEX-1:5
15b:x-dgal-HEX-1:5
16b:x-dgro-dgal-NON-2:6|1:a|2:keto|3:d
17s:n-acetyl
18s:n-acetyl
19b:x-dglc-HEX-1:5
20b:x-dgal-HEX-1:5
21b:x-dgro-dgal-NON-2:6|1:a|2:keto|3:d
22s:n-acetyl
23s:n-acetyl
24s:n-acetyl
25s:n-acetyl
LIN
1:1o(-1+1)2d
2:2o(-1+1)3d
3:3o(-1+1)4d
4:4o(-1+1)5d
5:5o(-1+1)6d
6:5d(2+1)7n
7:4o(-1+1)8d
8:8o(-1+1)9d
9:9o(-1+2)10d
10:10d(5+1)11n
11:8d(2+1)12n
12:3o(-1+1)13d
13:13o(-1+1)14d
14:14o(-1+1)15d
15:15o(-1+2)16d
16:16d(5+1)17n
17:14d(2+1)18n
18:13o(-1+1)19d
19:19o(-1+1)20d
20:20o(-1+2)21d
21:21d(5+1)22n
22:19d(2+1)23n
23:2d(2+1)24n
24:1d(2+1)25n
"
H7N6F1S2,"RES
1b:x-dglc-HEX-1:5
2b:x-lgal-HEX-1:5|6:d
3b:x-dglc-HEX-1:5
4b:x-dman-HEX-1:5
5b:x-dman-HEX-1:5
6b:x-dglc-HEX-1:5
7b:x-dgal-HEX-1:5
8s:n-acetyl
9b:x-dglc-HEX-1:5
10b:x-dgal-HEX-1:5
11s:n-acetyl
12b:x-dman-HEX-1:5
13b:x-dglc-HEX-1:5
14b:x-dgal-HEX-1:5
15b:x-dgro-dgal-NON-2:6|1:a|2:keto|3:d
16s:n-acetyl
17s:n-acetyl
18b:x-dglc-HEX-1:5
19b:x-dgal-HEX-1:5
20b:x-dgro-dgal-NON-2:6|1:a|2:keto|3:d
21s:n-acetyl
22s:n-acetyl
23s:n-acetyl
24s:n-acetyl
LIN
1:1o(-1+1)2d
2:1o(-1+1)3d
3:3o(-1+1)4d
4:4o(-1+1)5d
5:5o(-1+1)6d
6:6o(-1+1)7d
7:6d(2+1)8n
8:5o(-1+1)9d
9:9o(-1+1)10d
10:9d(2+1)11n
11:4o(-1+1)12d
12:12o(-1+1)13d
13:13o(-1+1)14d
14:14o(-1+2)15d
15:15d(5+1)16n
16:13d(2+1)17n
17:12o(-1+1)18d
18:18o(-1+1)19d
19:19o(-1+2)20d
20:20d(5+1)21n
21:18d(2+1)22n
22:3d(2+1)23n
23:1d(2+1)24n
"
H6N4F1S1,"RES
1b:x-dglc-HEX-1:5
2b:x-lgal-HEX-1:5|6:d
3b:x-dglc-HEX-1:5
4b:x-dman-HEX-1:5
5b:x-dman-HEX-1:5
6b:x-dman-HEX-1:5
7b:x-dman-HEX-1:5
8b:x-dglc-HEX-1:5
9b:x-dgal-HEX-1:5
10s:n-acetyl
11b:x-dglc-HEX-1:5
12b:x-dgal-HEX-1:5
13b:x-dgro-dgal-NON-2:6|1:a|2:keto|3:d
14s:n-acetyl
15s:n-acetyl
16s:n-acetyl
17s:n-acetyl
LIN
1:1o(-1+1)2d
2:1o(-1+1)3d
3:3o(-1+1)4d
4:4o(-1+1)5d
5:5o(-1+1)6d
6:4o(-1+1)7d
7:7o(-1+1)8d
8:8o(-1+1)9d
9:8d(2+1)10n
10:7o(-1+1)11d
11:11o(-1+1)12d
12:12o(-1+2)13d
13:13d(5+1)14n
14:11d(2+1)15n
15:3d(2+1)16n
16:1d(2+1)17n
"
H6N5F2S3,"RES
1b:x-dglc-HEX-1:5
2b:x-lgal-HEX-1:5|6:d
3b:x-dglc-HEX-1:5
4b:x-dman-HEX-1:5
5b:x-dman-HEX-1:5
6b:x-dglc-HEX-1:5
7b:x-dgal-HEX-1:5
8b:x-dgro-dgal-NON-2:6|1:a|2:keto|3:d
9s:n-acetyl
10s:n-acetyl
11b:x-dman-HEX-1:5
12b:x-dglc-HEX-1:5
13b:x-dgal-HEX-1:5
14b:x-dgro-dgal-NON-2:6|1:a|2:keto|3:d
15s:n-acetyl
16s:n-acetyl
17b:x-dglc-HEX-1:5
18b:x-lgal-HEX-1:5|6:d
19b:x-dgal-HEX-1:5
20b:x-dgro-dgal-NON-2:6|1:a|2:keto|3:d
21s:n-acetyl
22s:n-acetyl
23s:n-acetyl
24s:n-acetyl
LIN
1:1o(-1+1)2d
2:1o(-1+1)3d
3:3o(-1+1)4d
4:4o(-1+1)5d
5:5o(-1+1)6d
6:6o(-1+1)7d
7:7o(-1+2)8d
8:8d(5+1)9n
9:6d(2+1)10n
10:4o(-1+1)11d
11:11o(-1+1)12d
12:12o(-1+1)13d
13:13o(-1+2)14d
14:14d(5+1)15n
15:12d(2+1)16n
16:11o(-1+1)17d
17:17o(-1+1)18d
18:17o(-1+1)19d
19:19o(-1+2)20d
20:20d(5+1)21n
21:17d(2+1)22n
22:3d(2+1)23n
23:1d(2+1)24n
"
H3N5F3,"RES
1b:x-dglc-HEX-1:5
2b:x-lgal-HEX-1:5|6:d
3b:x-dglc-HEX-1:5
4b:x-dman-HEX-1:5
5b:x-dman-HEX-1:5
6b:x-dglc-HEX-1:5
7b:x-lgal-HEX-1:5|6:d
8s:n-acetyl
9b:x-dman-HEX-1:5
10b:x-dglc-HEX-1:5
11s:n-acetyl
12b:x-dglc-HEX-1:5
13b:x-lgal-HEX-1:5|6:d
14s:n-acetyl
15s:n-acetyl
16s:n-acetyl
LIN
1:1o(-1+1)2d
2:1o(-1+1)3d
3:3o(-1+1)4d
4:4o(-1+1)5d
5:5o(-1+1)6d
6:6o(-1+1)7d
7:6d(2+1)8n
8:4o(-1+1)9d
9:9o(-1+1)10d
10:10d(2+1)11n
11:9o(-1+1)12d
12:12o(-1+1)13d
13:12d(2+1)14n
14:3d(2+1)15n
15:1d(2+1)16n
"
H4N4F3,"RES
1b:x-dglc-HEX-1:5
2b:x-lgal-HEX-1:5|6:d
3b:x-dglc-HEX-1:5
4b:x-dman-HEX-1:5
5b:x-dman-HEX-1:5
6b:x-dglc-HEX-1:5
7b:x-lgal-HEX-1:5|6:d
8s:n-acetyl
9b:x-dman-HEX-1:5
10b:x-dglc-HEX-1:5
11b:x-lgal-HEX-1:5|6:d
12b:x-dgal-HEX-1:5
13s:n-acetyl
14s:n-acetyl
15s:n-acetyl
LIN
1:1o(-1+1)2d
2:1o(-1+1)3d
3:3o(-1+1)4d
4:4o(-1+1)5d
5:5o(-1+1)6d
6:6o(-1+1)7d
7:6d(2+1)8n
8:4o(-1+1)9d
9:9o(-1+1)10d
10:10o(-1+1)11d
11:10o(-1+1)12d
12:10d(2+1)13n
13:3d(2+1)14n
14:1d(2+1)15n
"
H4N5S1,"RES
1b:x-dglc-HEX-1:5
2b:x-dglc-HEX-1:5
3b:x-dman-HEX-1:5
4b:x-dman-HEX-1:5
5b:x-dglc-HEX-1:5
6s:n-acetyl
7b:x-dman-HEX-1:5
8b:x-dglc-HEX-1:5
9b:x-dgal-HEX-1:5
10b:x-dgro-dgal-NON-2:6|1:a|2:keto|3:d
11s:n-acetyl
12s:n-acetyl
13s:n-acetyl
14s:n-acetyl
LIN
1:1o(-1+1)2d
2:2o(-1+1)3d
3:3o(-1+1)4d
4:4o(-1+1)5d
5:5d(2+1)6n
6:3o(-1+1)7d
7:7o(-1+1)8d
8:8o(-1+1)9d
9:9o(-1+2)10d
10:10d(5+1)11n
11:8d(2+1)12n
12:2d(2+1)13n
13:1d(2+1)14n
"
H6N6F1S1,"RES
1b:x-dglc-HEX-1:5
2b:x-lgal-HEX-1:5|6:d
3b:x-dglc-HEX-1:5
4b:x-dman-HEX-1:5
5b:x-dglc-HEX-1:5
6s:n-acetyl
7b:x-dman-HEX-1:5
8b:x-dglc-HEX-1:5
9b:x-dgal-HEX-1:5
10s:n-acetyl
11b:x-dman-HEX-1:5
12b:x-dglc-HEX-1:5
13b:x-dgal-HEX-1:5
14s:n-acetyl
15b:x-dglc-HEX-1:5
16b:x-dgal-HEX-1:5
17b:x-dgro-dgal-NON-2:6|1:a|2:keto|3:d
18s:n-acetyl
19s:n-acetyl
20s:n-acetyl
21s:n-acetyl
LIN
1:1o(-1+1)2d
2:1o(-1+1)3d
3:3o(-1+1)4d
4:4o(-1+1)5d
5:5d(2+1)6n
6:4o(-1+1)7d
7:7o(-1+1)8d
8:8o(-1+1)9d
9:8d(2+1)10n
10:4o(-1+1)11d
11:11o(-1+1)12d
12:12o(-1+1)13d
13:12d(2+1)14n
14:11o(-1+1)15d
15:15o(-1+1)16d
16:16o(-1+2)17d
17:17d(5+1)18n
18:15d(2+1)19n
19:3d(2+1)20n
20:1d(2+1)21n
"
H6N5F1,"RES
1b:x-dglc-HEX-1:5
2b:x-lgal-HEX-1:5|6:d
3b:x-dglc-HEX-1:5
4b:x-dman-HEX-1:5
5b:x-dman-HEX-1:5
6b:x-dglc-HEX-1:5
7b:x-dgal-HEX-1:5
8s:n-acetyl
9b:x-dman-HEX-1:5
10b:x-dglc-HEX-1:5
11b:x-dgal-HEX-1:5
12s:n-acetyl
13b:x-dglc-HEX-1:5
14b:x-dgal-HEX-1:5
15s:n-acetyl
16s:n-acetyl
17s:n-acetyl
LIN
1:1o(-1+1)2d
2:1o(-1+1)3d
3:3o(-1+1)4d
4:4o(-1+1)5d
5:5o(-1+1)6d
6:6o(-1+1)7d
7:6d(2+1)8n
8:4o(-1+1)9d
9:9o(-1+1)10d
10:10o(-1+1)11d
11:10d(2+1)12n
12:9o(-1+1)13d
13:13o(-1+1)14d
14:13d(2+1)15n
15:3d(2+1)16n
16:1d(2+1)17n
"
H6N6F1S2,"RES
1b:x-dglc-HEX-1:5
2b:x-lgal-HEX-1:5|6:d
3b:x-dglc-HEX-1:5
4b:x-dman-HEX-1:5
5b:x-dman-HEX-1:5
6b:x-dglc-HEX-1:5
7s:n-acetyl
8b:x-dglc-HEX-1:5
9b:x-dgal-HEX-1:5
10s:n-acetyl
11b:x-dman-HEX-1:5
12b:x-dglc-HEX-1:5
13b:x-dgal-HEX-1:5
14b:x-dgro-dgal-NON-2:6|1:a|2:keto|3:d
15s:n-acetyl
16s:n-acetyl
17b:x-dglc-HEX-1:5
18b:x-dgal-HEX-1:5
19b:x-dgro-dgal-NON-2:6|1:a|2:keto|3:d
20s:n-acetyl
21s:n-acetyl
22s:n-acetyl
23s:n-acetyl
LIN
1:1o(-1+1)2d
2:1o(-1+1)3d
3:3o(-1+1)4d
4:4o(-1+1)5d
5:5o(-1+1)6d
6:6d(2+1)7n
7:5o(-1+1)8d
8:8o(-1+1)9d
9:8d(2+1)10n
10:4o(-1+1)11d
11:11o(-1+1)12d
12:12o(-1+1)13d
13:13o(-1+2)14d
14:14d(5+1)15n
15:12d(2+1)16n
16:11o(-1+1)17d
17:17o(-1+1)18d
18:18o(-1+2)19d
19:19d(5+1)20n
20:17d(2+1)21n
21:3d(2+1)22n
22:1d(2+1)23n
"
H4N6S1,"RES
1b:x-dglc-HEX-1:5
2b:x-dglc-HEX-1:5
3b:x-dman-HEX-1:5
4b:x-dman-HEX-1:5
5b:x-dglc-HEX-1:5
6s:n-acetyl
7b:x-dglc-HEX-1:5
8s:n-acetyl
9b:x-dman-HEX-1:5
10b:x-dglc-HEX-1:5
11s:n-acetyl
12b:x-dglc-HEX-1:5
13b:x-dgal-HEX-1:5
14b:x-dgro-dgal-NON-2:6|1:a|2:keto|3:d
15s:n-acetyl
16s:n-acetyl
17s:n-acetyl
18s:n-acetyl
LIN
1:1o(-1+1)2d
2:2o(-1+1)3d
3:3o(-1+1)4d
4:4o(-1+1)5d
5:5d(2+1)6n
6:4o(-1+1)7d
7:7d(2+1)8n
8:3o(-1+1)9d
9:9o(-1+1)10d
10:10d(2+1)11n
11:9o(-1+1)12d
12:12o(-1+1)13d
13:13o(-1+2)14d
14:14d(5+1)15n
15:12d(2+1)16n
16:2d(2+1)17n
17:1d(2+1)18n
"
H6N4F1,"RES
1b:x-dglc-HEX-1:5
2b:x-lgal-HEX-1:5|6:d
3b:x-dglc-HEX-1:5
4b:x-dman-HEX-1:5
5b:x-dman-HEX-1:5
6b:x-dman-HEX-1:5
7b:x-dman-HEX-1:5
8b:x-dglc-HEX-1:5
9b:x-dgal-HEX-1:5
10s:n-acetyl
11b:x-dglc-HEX-1:5
12b:x-dgal-HEX-1:5
13s:n-acetyl
14s:n-acetyl
15s:n-acetyl
LIN
1:1o(-1+1)2d
2:1o(-1+1)3d
3:3o(-1+1)4d
4:4o(-1+1)5d
5:5o(-1+1)6d
6:4o(-1+1)7d
7:7o(-1+1)8d
8:8o(-1+1)9d
9:8d(2+1)10n
10:7o(-1+1)11d
11:11o(-1+1)12d
12:11d(2+1)13n
13:3d(2+1)14n
14:1d(2+1)15n
"
H5N4F2S1,"RES
1b:x-dglc-HEX-1:5
2b:x-lgal-HEX-1:5|6:d
3b:x-dglc-HEX-1:5
4b:x-dman-HEX-1:5
5b:x-dman-HEX-1:5
6b:x-dglc-HEX-1:5
7b:x-lgal-HEX-1:5|6:d
8b:x-dgal-HEX-1:5
9s:n-acetyl
10b:x-dman-HEX-1:5
11b:x-dglc-HEX-1:5
12b:x-dgal-HEX-1:5
13b:x-dgro-dgal-NON-2:6|1:a|2:keto|3:d
14s:n-acetyl
15s:n-acetyl
16s:n-acetyl
17s:n-acetyl
LIN
1:1o(-1+1)2d
2:1o(-1+1)3d
3:3o(-1+1)4d
4:4o(-1+1)5d
5:5o(-1+1)6d
6:6o(-1+1)7d
7:6o(-1+1)8d
8:6d(2+1)9n
9:4o(-1+1)10d
10:10o(-1+1)11d
11:11o(-1+1)12d
12:12o(-1+2)13d
13:13d(5+1)14n
14:11d(2+1)15n
15:3d(2+1)16n
16:1d(2+1)17n
"
H3N7,"RES
1b:x-dglc-HEX-1:5
2b:x-dglc-HEX-1:5
3b:x-dman-HEX-1:5
4b:x-dglc-HEX-1:5
5s:n-acetyl
6b:x-dman-HEX-1:5
7b:x-dglc-HEX-1:5
8s:n-acetyl
9b:x-dglc-HEX-1:5
10s:n-acetyl
11b:x-dman-HEX-1:5
12b:x-dglc-HEX-1:5
13s:n-acetyl
14b:x-dglc-HEX-1:5
15s:n-acetyl
16s:n-acetyl
17s:n-acetyl
LIN
1:1o(-1+1)2d
2:2o(-1+1)3d
3:3o(-1+1)4d
4:4d(2+1)5n
5:3o(-1+1)6d
6:6o(-1+1)7d
7:7d(2+1)8n
8:6o(-1+1)9d
9:9d(2+1)10n
10:3o(-1+1)11d
11:11o(-1+1)12d
12:12d(2+1)13n
13:11o(-1+1)14d
14:14d(2+1)15n
15:2d(2+1)16n
16:1d(2+1)17n
"
H6N4S2,"RES
1b:x-dglc-HEX-1:5
2b:x-dglc-HEX-1:5
3b:x-dman-HEX-1:5
4b:x-dman-HEX-1:5
5b:x-dman-HEX-1:5
6b:x-dman-HEX-1:5
7b:x-dglc-HEX-1:5
8b:x-dgal-HEX-1:5
9b:x-dgro-dgal-NON-2:6|1:a|2:keto|3:d
10s:n-acetyl
11s:n-acetyl
12b:x-dglc-HEX-1:5
13b:x-dgal-HEX-1:5
14b:x-dgro-dgal-NON-2:6|1:a|2:keto|3:d
15s:n-acetyl
16s:n-acetyl
17s:n-acetyl
18s:n-acetyl
LIN
1:1o(-1+1)2d
2:2o(-1+1)3d
3:3o(-1+1)4d
4:4o(-1+1)5d
5:3o(-1+1)6d
6:6o(-1+1)7d
7:7o(-1+1)8d
8:8o(-1+2)9d
9:9d(5+1)10n
10:7d(2+1)11n
11:6o(-1+1)12d
12:12o(-1+1)13d
13:13o(-1+2)14d
14:14d(5+1)15n
15:12d(2+1)16n
16:2d(2+1)17n
17:1d(2+1)18n
"
H7N6F1S3,"RES
1b:x-dglc-HEX-1:5
2b:x-lgal-HEX-1:5|6:d
3b:x-dglc-HEX-1:5
4b:x-dman-HEX-1:5
5b:x-dman-HEX-1:5
6b:x-dglc-HEX-1:5
7b:x-dgal-HEX-1:5
8s:n-acetyl
9b:x-dglc-HEX-1:5
10b:x-dgal-HEX-1:5
11b:x-dgro-dgal-NON-2:6|1:a|2:keto|3:d
12s:n-acetyl
13s:n-acetyl
14b:x-dman-HEX-1:5
15b:x-dglc-HEX-1:5
16b:x-dgal-HEX-1:5
17b:x-dgro-dgal-NON-2:6|1:a|2:keto|3:d
18s:n-acetyl
19s:n-acetyl
20b:x-dglc-HEX-1:5
21b:x-dgal-HEX-1:5
22b:x-dgro-dgal-NON-2:6|1:a|2:keto|3:d
23s:n-acetyl
24s:n-acetyl
25s:n-acetyl
26s:n-acetyl
LIN
1:1o(-1+1)2d
2:1o(-1+1)3d
3:3o(-1+1)4d
4:4o(-1+1)5d
5:5o(-1+1)6d
6:6o(-1+1)7d
7:6d(2+1)8n
8:5o(-1+1)9d
9:9o(-1+1)10d
10:10o(-1+2)11d
11:11d(5+1)12n
12:9d(2+1)13n
13:4o(-1+1)14d
14:14o(-1+1)15d
15:15o(-1+1)16d
16:16o(-1+2)17d
17:17d(5+1)18n
18:15d(2+1)19n
19:14o(-1+1)20d
20:20o(-1+1)21d
21:21o(-1+2)22d
22:22d(5+1)23n
23:20d(2+1)24n
24:3d(2+1)25n
25:1d(2+1)26n
"
H7N6F1S4,"RES
1b:x-dglc-HEX-1:5
2b:x-lgal-HEX-1:5|6:d
3b:x-dglc-HEX-1:5
4b:x-dman-HEX-1:5
5b:x-dman-HEX-1:5
6b:x-dglc-HEX-1:5
7b:x-dgal-HEX-1:5
8b:x-dgro-dgal-NON-2:6|1:a|2:keto|3:d
9s:n-acetyl
10s:n-acetyl
11b:x-dglc-HEX-1:5
12b:x-dgal-HEX-1:5
13b:x-dgro-dgal-NON-2:6|1:a|2:keto|3:d
14s:n-acetyl
15s:n-acetyl
16b:x-dman-HEX-1:5
17b:x-dglc-HEX-1:5
18b:x-dgal-HEX-1:5
19b:x-dgro-dgal-NON-2:6|1:a|2:keto|3:d
20s:n-acetyl
21s:n-acetyl
22b:x-dglc-HEX-1:5
23b:x-dgal-HEX-1:5
24b:x-dgro-dgal-NON-2:6|1:a|2:keto|3:d
25s:n-acetyl
26s:n-acetyl
27s:n-acetyl
28s:n-acetyl
LIN
1:1o(-1+1)2d
2:1o(-1+1)3d
3:3o(-1+1)4d
4:4o(-1+1)5d
5:5o(-1+1)6d
6:6o(-1+1)7d
7:7o(-1+2)8d
8:8d(5+1)9n
9:6d(2+1)10n
10:5o(-1+1)11d
11:11o(-1+1)12d
12:12o(-1+2)13d
13:13d(5+1)14n
14:11d(2+1)15n
15:4o(-1+1)16d
16:16o(-1+1)17d
17:17o(-1+1)18d
18:18o(-1+2)19d
19:19d(5+1)20n
20:17d(2+1)21n
21:16o(-1+1)22d
22:22o(-1+1)23d
23:23o(-1+2)24d
24:24d(5+1)25n
25:22d(2+1)26n
26:3d(2+1)27n
27:1d(2+1)28n
"
H7N6S4,"RES
1b:x-dglc-HEX-1:5
2b:x-dglc-HEX-1:5
3b:x-dman-HEX-1:5
4b:x-dman-HEX-1:5
5b:x-dglc-HEX-1:5
6b:x-dgal-HEX-1:5
7b:x-dgro-dgal-NON-2:6|1:a|2:keto|3:d
8s:n-acetyl
9s:n-acetyl
10b:x-dglc-HEX-1:5
11b:x-dgal-HEX-1:5
12b:x-dgro-dgal-NON-2:6|1:a|2:keto|3:d
13s:n-acetyl
14s:n-acetyl
15b:x-dman-HEX-1:5
16b:x-dglc-HEX-1:5
17b:x-dgal-HEX-1:5
18b:x-dgro-dgal-NON-2:6|1:a|2:keto|3:d
19s:n-acetyl
20s:n-acetyl
21b:x-dglc-HEX-1:5
22b:x-dgal-HEX-1:5
23b:x-dgro-dgal-NON-2:6|1:a|2:keto|3:d
24s:n-acetyl
25s:n-acetyl
26s:n-acetyl
27s:n-acetyl
LIN
1:1o(-1+1)2d
2:2o(-1+1)3d
3:3o(-1+1)4d
4:4o(-1+1)5d
5:5o(-1+1)6d
6:6o(-1+2)7d
7:7d(5+1)8n
8:5d(2+1)9n
9:4o(-1+1)10d
10:10o(-1+1)11d
11:11o(-1+2)12d
12:12d(5+1)13n
13:10d(2+1)14n
14:3o(-1+1)15d
15:15o(-1+1)16d
16:16o(-1+1)17d
17:17o(-1+2)18d
18:18d(5+1)19n
19:16d(2+1)20n
20:15o(-1+1)21d
21:21o(-1+1)22d
22:22o(-1+2)23d
23:23d(5+1)24n
24:21d(2+1)25n
25:2d(2+1)26n
26:1d(2+1)27n
"