GlycanID,Structure
H3N3F0E0L0,"RES
1b:b-dglc-HEX-1:5
2s:n-acetyl
3b:b-dglc-HEX-1:5
4s:n-acetyl
5b:b-dman-HEX-1:5
6b:a-dman-HEX-1:5
7b:x-dglc-HEX-1:5
8s:n-acetyl
9b:a-dman-HEX-1:5
LIN
1:1d(2+1)2n
2:1o(4+1)3d
3:3d(2+1)4n
4:3o(4+1)5d
5:5o(3+1)6d
6:6o(-1+1)7d
7:7d(2+1)8n
8:5o(6+1)9d

"
H3N3F1E0L0,"RES
1b:b-dglc-HEX-1:5
2b:x-lgal-HEX-1:5|6:d
3s:n-acetyl
4b:b-dglc-HEX-1:5
5s:n-acetyl
6b:b-dman-HEX-1:5
7b:a-dman-HEX-1:5
8b:a-dman-HEX-1:5
9b:x-dglc-HEX-1:5
10s:n-acetyl
LIN
1:1o(-1+1)2d
2:1d(2+1)3n
3:1o(4+1)4d
4:4d(2+1)5n
5:4o(4+1)6d
6:6o(3+1)7d
7:6o(6+1)8d
8:8o(-1+1)9d
9:9d(2+1)10n

"
H3N4F0E0L0,"RES
1b:b-dglc-HEX-1:5
2s:n-acetyl
3b:b-dglc-HEX-1:5
4s:n-acetyl
5b:b-dman-HEX-1:5
6b:a-dman-HEX-1:5
7b:x-dglc-HEX-1:5
8s:n-acetyl
9b:a-dman-HEX-1:5
10b:x-dglc-HEX-1:5
11s:n-acetyl
LIN
1:1d(2+1)2n
2:1o(4+1)3d
3:3d(2+1)4n
4:3o(4+1)5d
5:5o(3+1)6d
6:6o(-1+1)7d
7:7d(2+1)8n
8:5o(6+1)9d
9:9o(-1+1)10d
10:10d(2+1)11n

"
H3N4F1E0L0,"RES
1b:b-dglc-HEX-1:5
2b:x-lgal-HEX-1:5|6:d
3s:n-acetyl
4b:b-dglc-HEX-1:5
5s:n-acetyl
6b:b-dman-HEX-1:5
7b:a-dman-HEX-1:5
8b:x-dglc-HEX-1:5
9s:n-acetyl
10b:a-dman-HEX-1:5
11b:x-dglc-HEX-1:5
12s:n-acetyl
LIN
1:1o(-1+1)2d
2:1d(2+1)3n
3:1o(4+1)4d
4:4d(2+1)5n
5:4o(4+1)6d
6:6o(3+1)7d
7:7o(-1+1)8d
8:8d(2+1)9n
9:6o(6+1)10d
10:10o(-1+1)11d
11:11d(2+1)12n

"
H3N5F1E0L0,"RES
1b:b-dglc-HEX-1:5
2b:x-lgal-HEX-1:5|6:d
3s:n-acetyl
4b:b-dglc-HEX-1:5
5s:n-acetyl
6b:b-dman-HEX-1:5
7b:x-dglc-HEX-1:5
8s:n-acetyl
9b:a-dman-HEX-1:5
10b:x-dglc-HEX-1:5
11s:n-acetyl
12b:a-dman-HEX-1:5
13b:x-dglc-HEX-1:5
14s:n-acetyl
LIN
1:1o(-1+1)2d
2:1d(2+1)3n
3:1o(4+1)4d
4:4d(2+1)5n
5:4o(4+1)6d
6:6o(-1+1)7d
7:7d(2+1)8n
8:6o(3+1)9d
9:9o(-1+1)10d
10:10d(2+1)11n
11:6o(6+1)12d
12:12o(-1+1)13d
13:13d(2+1)14n

"
H3N6F0E0L0,"RES
1b:b-dglc-HEX-1:5
2s:n-acetyl
3b:b-dglc-HEX-1:5
4s:n-acetyl
5b:b-dman-HEX-1:5
6b:a-dman-HEX-1:5
7b:x-dglc-HEX-1:5
8s:n-acetyl
9b:x-dglc-HEX-1:5
10s:n-acetyl
11b:a-dman-HEX-1:5
12b:x-dglc-HEX-1:5
13s:n-acetyl
14b:x-dglc-HEX-1:5
15s:n-acetyl
LIN
1:1d(2+1)2n
2:1o(4+1)3d
3:3d(2+1)4n
4:3o(4+1)5d
5:5o(3+1)6d
6:6o(-1+1)7d
7:7d(2+1)8n
8:6o(-1+1)9d
9:9d(2+1)10n
10:5o(6+1)11d
11:11o(-1+1)12d
12:12d(2+1)13n
13:11o(-1+1)14d
14:14d(2+1)15n

"
H4N3F0E0L0,"RES
1b:b-dglc-HEX-1:5
2s:n-acetyl
3b:b-dglc-HEX-1:5
4s:n-acetyl
5b:b-dman-HEX-1:5
6b:a-dman-HEX-1:5
7b:a-dman-HEX-1:5
8b:x-dglc-HEX-1:5
9b:x-dgal-HEX-1:5
10s:n-acetyl
LIN
1:1d(2+1)2n
2:1o(4+1)3d
3:3d(2+1)4n
4:3o(4+1)5d
5:5o(3+1)6d
6:5o(6+1)7d
7:7o(-1+1)8d
8:8o(-1+1)9d
9:8d(2+1)10n

"
H4N3F0E0L1,"RES
1b:b-dglc-HEX-1:5
2s:n-acetyl
3b:b-dglc-HEX-1:5
4s:n-acetyl
5b:b-dman-HEX-1:5
6b:a-dman-HEX-1:5
7b:a-dman-HEX-1:5
8b:x-dglc-HEX-1:5
9b:x-dgal-HEX-1:5
10b:a-dgro-dgal-NON-2:6|1:a|2:keto|3:d
11s:n-acetyl
12s:n-acetyl
LIN
1:1d(2+1)2n
2:1o(4+1)3d
3:3d(2+1)4n
4:3o(4+1)5d
5:5o(3+1)6d
6:5o(6+1)7d
7:7o(-1+1)8d
8:8o(-1+1)9d
9:9o(3+2)10d
10:10d(5+1)11n
11:8d(2+1)12n

"
H4N3F0E1L0,"RES
1b:b-dglc-HEX-1:5
2s:n-acetyl
3b:b-dglc-HEX-1:5
4s:n-acetyl
5b:b-dman-HEX-1:5
6b:a-dman-HEX-1:5
7b:a-dman-HEX-1:5
8b:x-dglc-HEX-1:5
9b:x-dgal-HEX-1:5
10b:a-dgro-dgal-NON-2:6|1:a|2:keto|3:d
11s:n-acetyl
12s:n-acetyl
LIN
1:1d(2+1)2n
2:1o(4+1)3d
3:3d(2+1)4n
4:3o(4+1)5d
5:5o(3+1)6d
6:5o(6+1)7d
7:7o(-1+1)8d
8:8o(-1+1)9d
9:9o(6+2)10d
10:10d(5+1)11n
11:8d(2+1)12n

"
H4N3F1E0L0,"RES
1b:b-dglc-HEX-1:5
2b:x-lgal-HEX-1:5|6:d
3s:n-acetyl
4b:b-dglc-HEX-1:5
5s:n-acetyl
6b:b-dman-HEX-1:5
7b:a-dman-HEX-1:5
8b:a-dman-HEX-1:5
9b:x-dglc-HEX-1:5
10b:x-dgal-HEX-1:5
11s:n-acetyl
LIN
1:1o(-1+1)2d
2:1d(2+1)3n
3:1o(4+1)4d
4:4d(2+1)5n
5:4o(4+1)6d
6:6o(3+1)7d
7:6o(6+1)8d
8:8o(-1+1)9d
9:9o(-1+1)10d
10:9d(2+1)11n

"
H4N3F1E1L0,"RES
1b:b-dglc-HEX-1:5
2b:x-lgal-HEX-1:5|6:d
3s:n-acetyl
4b:b-dglc-HEX-1:5
5s:n-acetyl
6b:b-dman-HEX-1:5
7b:a-dman-HEX-1:5
8b:a-dman-HEX-1:5
9b:x-dglc-HEX-1:5
10b:x-dgal-HEX-1:5
11b:a-dgro-dgal-NON-2:6|1:a|2:keto|3:d
12s:n-acetyl
13s:n-acetyl
LIN
1:1o(-1+1)2d
2:1d(2+1)3n
3:1o(4+1)4d
4:4d(2+1)5n
5:4o(4+1)6d
6:6o(3+1)7d
7:6o(6+1)8d
8:8o(-1+1)9d
9:9o(-1+1)10d
10:10o(6+2)11d
11:11d(5+1)12n
12:9d(2+1)13n

"
H4N4F0E0L0,"RES
1b:b-dglc-HEX-1:5
2s:n-acetyl
3b:b-dglc-HEX-1:5
4s:n-acetyl
5b:b-dman-HEX-1:5
6b:a-dman-HEX-1:5
7b:x-dglc-HEX-1:5
8s:n-acetyl
9b:a-dman-HEX-1:5
10b:x-dglc-HEX-1:5
11b:x-dgal-HEX-1:5
12s:n-acetyl
LIN
1:1d(2+1)2n
2:1o(4+1)3d
3:3d(2+1)4n
4:3o(4+1)5d
5:5o(3+1)6d
6:6o(-1+1)7d
7:7d(2+1)8n
8:5o(6+1)9d
9:9o(-1+1)10d
10:10o(-1+1)11d
11:10d(2+1)12n

"
H4N4F1E0L0,"RES
1b:b-dglc-HEX-1:5
2b:x-lgal-HEX-1:5|6:d
3s:n-acetyl
4b:b-dglc-HEX-1:5
5s:n-acetyl
6b:b-dman-HEX-1:5
7b:a-dman-HEX-1:5
8b:x-dglc-HEX-1:5
9s:n-acetyl
10b:a-dman-HEX-1:5
11b:x-dglc-HEX-1:5
12b:x-dgal-HEX-1:5
13s:n-acetyl
LIN
1:1o(-1+1)2d
2:1d(2+1)3n
3:1o(4+1)4d
4:4d(2+1)5n
5:4o(4+1)6d
6:6o(3+1)7d
7:7o(-1+1)8d
8:8d(2+1)9n
9:6o(6+1)10d
10:10o(-1+1)11d
11:11o(-1+1)12d
12:11d(2+1)13n

"
H4N4F1E1L0,"RES
1b:b-dglc-HEX-1:5
2b:x-lgal-HEX-1:5|6:d
3s:n-acetyl
4b:b-dglc-HEX-1:5
5s:n-acetyl
6b:b-dman-HEX-1:5
7b:a-dman-HEX-1:5
8b:x-dglc-HEX-1:5
9s:n-acetyl
10b:a-dman-HEX-1:5
11b:x-dglc-HEX-1:5
12b:x-dgal-HEX-1:5
13b:a-dgro-dgal-NON-2:6|1:a|2:keto|3:d
14s:n-acetyl
15s:n-acetyl
LIN
1:1o(-1+1)2d
2:1d(2+1)3n
3:1o(4+1)4d
4:4d(2+1)5n
5:4o(4+1)6d
6:6o(3+1)7d
7:7o(-1+1)8d
8:8d(2+1)9n
9:6o(6+1)10d
10:10o(-1+1)11d
11:11o(-1+1)12d
12:12o(6+2)13d
13:13d(5+1)14n
14:11d(2+1)15n

"
H4N5F0E0L0,"RES
1b:b-dglc-HEX-1:5
2s:n-acetyl
3b:b-dglc-HEX-1:5
4s:n-acetyl
5b:b-dman-HEX-1:5
6b:a-dman-HEX-1:5
7b:x-dglc-HEX-1:5
8b:x-dgal-HEX-1:5
9s:n-acetyl
10b:a-dman-HEX-1:5
11b:x-dglc-HEX-1:5
12s:n-acetyl
13b:x-dglc-HEX-1:5
14s:n-acetyl
LIN
1:1d(2+1)2n
2:1o(4+1)3d
3:3d(2+1)4n
4:3o(4+1)5d
5:5o(3+1)6d
6:6o(-1+1)7d
7:7o(-1+1)8d
8:7d(2+1)9n
9:5o(6+1)10d
10:10o(-1+1)11d
11:11d(2+1)12n
12:10o(-1+1)13d
13:13d(2+1)14n

"
H4N5F1E0L0,"RES
1b:b-dglc-HEX-1:5
2b:x-lgal-HEX-1:5|6:d
3s:n-acetyl
4b:b-dglc-HEX-1:5
5s:n-acetyl
6b:b-dman-HEX-1:5
7b:a-dman-HEX-1:5
8b:x-dglc-HEX-1:5
9b:x-dgal-HEX-1:5
10s:n-acetyl
11b:a-dman-HEX-1:5
12b:x-dglc-HEX-1:5
13s:n-acetyl
14b:x-dglc-HEX-1:5
15s:n-acetyl
LIN
1:1o(-1+1)2d
2:1d(2+1)3n
3:1o(4+1)4d
4:4d(2+1)5n
5:4o(4+1)6d
6:6o(3+1)7d
7:7o(-1+1)8d
8:8o(-1+1)9d
9:8d(2+1)10n
10:6o(6+1)11d
11:11o(-1+1)12d
12:12d(2+1)13n
13:11o(-1+1)14d
14:14d(2+1)15n

"
H4N5F1E1L0,"RES
1b:b-dglc-HEX-1:5
2b:x-lgal-HEX-1:5|6:d
3s:n-acetyl
4b:b-dglc-HEX-1:5
5s:n-acetyl
6b:b-dman-HEX-1:5
7b:a-dman-HEX-1:5
8b:x-dglc-HEX-1:5
9b:x-dgal-HEX-1:5
10b:a-dgro-dgal-NON-2:6|1:a|2:keto|3:d
11s:n-acetyl
12s:n-acetyl
13b:a-dman-HEX-1:5
14b:x-dglc-HEX-1:5
15s:n-acetyl
16b:x-dglc-HEX-1:5
17s:n-acetyl
LIN
1:1o(-1+1)2d
2:1d(2+1)3n
3:1o(4+1)4d
4:4d(2+1)5n
5:4o(4+1)6d
6:6o(3+1)7d
7:7o(-1+1)8d
8:8o(-1+1)9d
9:9o(6+2)10d
10:10d(5+1)11n
11:8d(2+1)12n
12:6o(6+1)13d
13:13o(-1+1)14d
14:14d(2+1)15n
15:13o(-1+1)16d
16:16d(2+1)17n

"
H5N2F0E0L0,"RES
1b:b-dglc-HEX-1:5
2s:n-acetyl
3b:b-dglc-HEX-1:5
4s:n-acetyl
5b:b-dman-HEX-1:5
6b:a-dman-HEX-1:5
7b:a-dman-HEX-1:5
8b:x-dman-HEX-1:5
9b:x-dman-HEX-1:5
LIN
1:1d(2+1)2n
2:1o(4+1)3d
3:3d(2+1)4n
4:3o(4+1)5d
5:5o(3+1)6d
6:5o(6+1)7d
7:7o(-1+1)8d
8:7o(-1+1)9d

"
H5N3F0E0L0,"RES
1b:b-dglc-HEX-1:5
2s:n-acetyl
3b:b-dglc-HEX-1:5
4s:n-acetyl
5b:b-dman-HEX-1:5
6b:a-dman-HEX-1:5
7b:x-dglc-HEX-1:5
8s:n-acetyl
9b:a-dman-HEX-1:5
10b:x-dman-HEX-1:5
11b:x-dman-HEX-1:5
LIN
1:1d(2+1)2n
2:1o(4+1)3d
3:3d(2+1)4n
4:3o(4+1)5d
5:5o(3+1)6d
6:6o(-1+1)7d
7:7d(2+1)8n
8:5o(6+1)9d
9:9o(-1+1)10d
10:9o(-1+1)11d

"
H5N3F0E0L1,"RES
1b:b-dglc-HEX-1:5
2s:n-acetyl
3b:b-dglc-HEX-1:5
4s:n-acetyl
5b:b-dman-HEX-1:5
6b:a-dman-HEX-1:5
7b:x-dglc-HEX-1:5
8b:x-dgal-HEX-1:5
9b:a-dgro-dgal-NON-2:6|1:a|2:keto|3:d
10s:n-acetyl
11s:n-acetyl
12b:a-dman-HEX-1:5
13b:x-dman-HEX-1:5
LIN
1:1d(2+1)2n
2:1o(4+1)3d
3:3d(2+1)4n
4:3o(4+1)5d
5:5o(3+1)6d
6:6o(-1+1)7d
7:7o(-1+1)8d
8:8o(3+2)9d
9:9d(5+1)10n
10:7d(2+1)11n
11:5o(6+1)12d
12:12o(-1+1)13d

"
H5N3F0E1L0,"RES
1b:b-dglc-HEX-1:5
2s:n-acetyl
3b:b-dglc-HEX-1:5
4s:n-acetyl
5b:b-dman-HEX-1:5
6b:a-dman-HEX-1:5
7b:x-dglc-HEX-1:5
8b:x-dgal-HEX-1:5
9b:a-dgro-dgal-NON-2:6|1:a|2:keto|3:d
10s:n-acetyl
11s:n-acetyl
12b:a-dman-HEX-1:5
13b:x-dman-HEX-1:5
LIN
1:1d(2+1)2n
2:1o(4+1)3d
3:3d(2+1)4n
4:3o(4+1)5d
5:5o(3+1)6d
6:6o(-1+1)7d
7:7o(-1+1)8d
8:8o(6+2)9d
9:9d(5+1)10n
10:7d(2+1)11n
11:5o(6+1)12d
12:12o(-1+1)13d

"
H5N3F1E0L0,"RES
1b:b-dglc-HEX-1:5
2b:x-lgal-HEX-1:5|6:d
3s:n-acetyl
4b:b-dglc-HEX-1:5
5s:n-acetyl
6b:b-dman-HEX-1:5
7b:a-dman-HEX-1:5
8b:x-dglc-HEX-1:5
9b:x-dgal-HEX-1:5
10s:n-acetyl
11b:a-dman-HEX-1:5
12b:x-dman-HEX-1:5
LIN
1:1o(-1+1)2d
2:1d(2+1)3n
3:1o(4+1)4d
4:4d(2+1)5n
5:4o(4+1)6d
6:6o(3+1)7d
7:7o(-1+1)8d
8:8o(-1+1)9d
9:8d(2+1)10n
10:6o(6+1)11d
11:11o(-1+1)12d

"
H5N4F0E0L0,"RES
1b:b-dglc-HEX-1:5
2s:n-acetyl
3b:b-dglc-HEX-1:5
4s:n-acetyl
5b:b-dman-HEX-1:5
6b:a-dman-HEX-1:5
7b:x-dglc-HEX-1:5
8b:x-dgal-HEX-1:5
9s:n-acetyl
10b:a-dman-HEX-1:5
11b:x-dglc-HEX-1:5
12b:x-dgal-HEX-1:5
13s:n-acetyl
LIN
1:1d(2+1)2n
2:1o(4+1)3d
3:3d(2+1)4n
4:3o(4+1)5d
5:5o(3+1)6d
6:6o(-1+1)7d
7:7o(-1+1)8d
8:7d(2+1)9n
9:5o(6+1)10d
10:10o(-1+1)11d
11:11o(-1+1)12d
12:11d(2+1)13n

"
H5N4F0E0L2,"RES
1b:b-dglc-HEX-1:5
2s:n-acetyl
3b:b-dglc-HEX-1:5
4s:n-acetyl
5b:b-dman-HEX-1:5
6b:a-dman-HEX-1:5
7b:x-dglc-HEX-1:5
8b:x-dgal-HEX-1:5
9b:a-dgro-dgal-NON-2:6|1:a|2:keto|3:d
10s:n-acetyl
11s:n-acetyl
12b:a-dman-HEX-1:5
13b:x-dglc-HEX-1:5
14b:x-dgal-HEX-1:5
15b:a-dgro-dgal-NON-2:6|1:a|2:keto|3:d
16s:n-acetyl
17s:n-acetyl
LIN
1:1d(2+1)2n
2:1o(4+1)3d
3:3d(2+1)4n
4:3o(4+1)5d
5:5o(3+1)6d
6:6o(-1+1)7d
7:7o(-1+1)8d
8:8o(3+2)9d
9:9d(5+1)10n
10:7d(2+1)11n
11:5o(6+1)12d
12:12o(-1+1)13d
13:13o(-1+1)14d
14:14o(3+2)15d
15:15d(5+1)16n
16:13d(2+1)17n

"
H5N4F0E1L0,"RES
1b:b-dglc-HEX-1:5
2s:n-acetyl
3b:b-dglc-HEX-1:5
4s:n-acetyl
5b:b-dman-HEX-1:5
6b:a-dman-HEX-1:5
7b:x-dglc-HEX-1:5
8b:x-dgal-HEX-1:5
9s:n-acetyl
10b:a-dman-HEX-1:5
11b:x-dglc-HEX-1:5
12b:x-dgal-HEX-1:5
13b:a-dgro-dgal-NON-2:6|1:a|2:keto|3:d
14s:n-acetyl
15s:n-acetyl
LIN
1:1d(2+1)2n
2:1o(4+1)3d
3:3d(2+1)4n
4:3o(4+1)5d
5:5o(3+1)6d
6:6o(-1+1)7d
7:7o(-1+1)8d
8:7d(2+1)9n
9:5o(6+1)10d
10:10o(-1+1)11d
11:11o(-1+1)12d
12:12o(6+2)13d
13:13d(5+1)14n
14:11d(2+1)15n

"
H5N4F0E1L1,"RES
1b:b-dglc-HEX-1:5
2s:n-acetyl
3b:b-dglc-HEX-1:5
4s:n-acetyl
5b:b-dman-HEX-1:5
6b:a-dman-HEX-1:5
7b:x-dglc-HEX-1:5
8b:x-dgal-HEX-1:5
9b:a-dgro-dgal-NON-2:6|1:a|2:keto|3:d
10s:n-acetyl
11s:n-acetyl
12b:a-dman-HEX-1:5
13b:x-dglc-HEX-1:5
14b:x-dgal-HEX-1:5
15b:a-dgro-dgal-NON-2:6|1:a|2:keto|3:d
16s:n-acetyl
17s:n-acetyl
LIN
1:1d(2+1)2n
2:1o(4+1)3d
3:3d(2+1)4n
4:3o(4+1)5d
5:5o(3+1)6d
6:6o(-1+1)7d
7:7o(-1+1)8d
8:8o(3+2)9d
9:9d(5+1)10n
10:7d(2+1)11n
11:5o(6+1)12d
12:12o(-1+1)13d
13:13o(-1+1)14d
14:14o(6+2)15d
15:15d(5+1)16n
16:13d(2+1)17n

"
H5N4F0E2L0,"RES
1b:b-dglc-HEX-1:5
2s:n-acetyl
3b:b-dglc-HEX-1:5
4s:n-acetyl
5b:b-dman-HEX-1:5
6b:a-dman-HEX-1:5
7b:x-dglc-HEX-1:5
8b:x-dgal-HEX-1:5
9b:a-dgro-dgal-NON-2:6|1:a|2:keto|3:d
10s:n-acetyl
11s:n-acetyl
12b:a-dman-HEX-1:5
13b:x-dglc-HEX-1:5
14b:x-dgal-HEX-1:5
15b:a-dgro-dgal-NON-2:6|1:a|2:keto|3:d
16s:n-acetyl
17s:n-acetyl
LIN
1:1d(2+1)2n
2:1o(4+1)3d
3:3d(2+1)4n
4:3o(4+1)5d
5:5o(3+1)6d
6:6o(-1+1)7d
7:7o(-1+1)8d
8:8o(6+2)9d
9:9d(5+1)10n
10:7d(2+1)11n
11:5o(6+1)12d
12:12o(-1+1)13d
13:13o(-1+1)14d
14:14o(6+2)15d
15:15d(5+1)16n
16:13d(2+1)17n

"
H5N4F1E0L0,"RES
1b:b-dglc-HEX-1:5
2b:x-lgal-HEX-1:5|6:d
3s:n-acetyl
4b:b-dglc-HEX-1:5
5s:n-acetyl
6b:b-dman-HEX-1:5
7b:a-dman-HEX-1:5
8b:x-dglc-HEX-1:5
9b:x-dgal-HEX-1:5
10s:n-acetyl
11b:a-dman-HEX-1:5
12b:x-dglc-HEX-1:5
13b:x-dgal-HEX-1:5
14s:n-acetyl
LIN
1:1o(-1+1)2d
2:1d(2+1)3n
3:1o(4+1)4d
4:4d(2+1)5n
5:4o(4+1)6d
6:6o(3+1)7d
7:7o(-1+1)8d
8:8o(-1+1)9d
9:8d(2+1)10n
10:6o(6+1)11d
11:11o(-1+1)12d
12:12o(-1+1)13d
13:12d(2+1)14n

"
H5N4F1E0L1,"RES
1b:b-dglc-HEX-1:5
2b:x-lgal-HEX-1:5|6:d
3s:n-acetyl
4b:b-dglc-HEX-1:5
5s:n-acetyl
6b:b-dman-HEX-1:5
7b:a-dman-HEX-1:5
8b:x-dglc-HEX-1:5
9b:x-dgal-HEX-1:5
10s:n-acetyl
11b:a-dman-HEX-1:5
12b:x-dglc-HEX-1:5
13b:x-dgal-HEX-1:5
14b:a-dgro-dgal-NON-2:6|1:a|2:keto|3:d
15s:n-acetyl
16s:n-acetyl
LIN
1:1o(-1+1)2d
2:1d(2+1)3n
3:1o(4+1)4d
4:4d(2+1)5n
5:4o(4+1)6d
6:6o(3+1)7d
7:7o(-1+1)8d
8:8o(-1+1)9d
9:8d(2+1)10n
10:6o(6+1)11d
11:11o(-1+1)12d
12:12o(-1+1)13d
13:13o(3+2)14d
14:14d(5+1)15n
15:12d(2+1)16n

"
H5N4F1E1L0,"RES
1b:b-dglc-HEX-1:5
2b:x-lgal-HEX-1:5|6:d
3s:n-acetyl
4b:b-dglc-HEX-1:5
5s:n-acetyl
6b:b-dman-HEX-1:5
7b:a-dman-HEX-1:5
8b:x-dglc-HEX-1:5
9b:x-dgal-HEX-1:5
10s:n-acetyl
11b:a-dman-HEX-1:5
12b:x-dglc-HEX-1:5
13b:x-dgal-HEX-1:5
14b:a-dgro-dgal-NON-2:6|1:a|2:keto|3:d
15s:n-acetyl
16s:n-acetyl
LIN
1:1o(-1+1)2d
2:1d(2+1)3n
3:1o(4+1)4d
4:4d(2+1)5n
5:4o(4+1)6d
6:6o(3+1)7d
7:7o(-1+1)8d
8:8o(-1+1)9d
9:8d(2+1)10n
10:6o(6+1)11d
11:11o(-1+1)12d
12:12o(-1+1)13d
13:13o(6+2)14d
14:14d(5+1)15n
15:12d(2+1)16n

"
H5N4F1E1L1,"RES
1b:b-dglc-HEX-1:5
2b:x-lgal-HEX-1:5|6:d
3s:n-acetyl
4b:b-dglc-HEX-1:5
5s:n-acetyl
6b:b-dman-HEX-1:5
7b:a-dman-HEX-1:5
8b:x-dglc-HEX-1:5
9b:x-dgal-HEX-1:5
10b:a-dgro-dgal-NON-2:6|1:a|2:keto|3:d
11s:n-acetyl
12s:n-acetyl
13b:a-dman-HEX-1:5
14b:x-dglc-HEX-1:5
15b:x-dgal-HEX-1:5
16b:a-dgro-dgal-NON-2:6|1:a|2:keto|3:d
17s:n-acetyl
18s:n-acetyl
LIN
1:1o(-1+1)2d
2:1d(2+1)3n
3:1o(4+1)4d
4:4d(2+1)5n
5:4o(4+1)6d
6:6o(3+1)7d
7:7o(-1+1)8d
8:8o(-1+1)9d
9:9o(3+2)10d
10:10d(5+1)11n
11:8d(2+1)12n
12:6o(6+1)13d
13:13o(-1+1)14d
14:14o(-1+1)15d
15:15o(6+2)16d
16:16d(5+1)17n
17:14d(2+1)18n

"
H5N4F1E2L0,"RES
1b:b-dglc-HEX-1:5
2b:x-lgal-HEX-1:5|6:d
3s:n-acetyl
4b:b-dglc-HEX-1:5
5s:n-acetyl
6b:b-dman-HEX-1:5
7b:a-dman-HEX-1:5
8b:x-dglc-HEX-1:5
9b:x-dgal-HEX-1:5
10b:a-dgro-dgal-NON-2:6|1:a|2:keto|3:d
11s:n-acetyl
12s:n-acetyl
13b:a-dman-HEX-1:5
14b:x-dglc-HEX-1:5
15b:x-dgal-HEX-1:5
16b:a-dgro-dgal-NON-2:6|1:a|2:keto|3:d
17s:n-acetyl
18s:n-acetyl
LIN
1:1o(-1+1)2d
2:1d(2+1)3n
3:1o(4+1)4d
4:4d(2+1)5n
5:4o(4+1)6d
6:6o(3+1)7d
7:7o(-1+1)8d
8:8o(-1+1)9d
9:9o(6+2)10d
10:10d(5+1)11n
11:8d(2+1)12n
12:6o(6+1)13d
13:13o(-1+1)14d
14:14o(-1+1)15d
15:15o(6+2)16d
16:16d(5+1)17n
17:14d(2+1)18n

"
H5N4F2E0L0,"RES
1b:b-dglc-HEX-1:5
2b:x-lgal-HEX-1:5|6:d
3s:n-acetyl
4b:b-dglc-HEX-1:5
5s:n-acetyl
6b:b-dman-HEX-1:5
7b:a-dman-HEX-1:5
8b:x-dglc-HEX-1:5
9b:x-dgal-HEX-1:5
10s:n-acetyl
11b:a-dman-HEX-1:5
12b:x-dglc-HEX-1:5
13b:x-lgal-HEX-1:5|6:d
14b:x-dgal-HEX-1:5
15s:n-acetyl
LIN
1:1o(-1+1)2d
2:1d(2+1)3n
3:1o(4+1)4d
4:4d(2+1)5n
5:4o(4+1)6d
6:6o(3+1)7d
7:7o(-1+1)8d
8:8o(-1+1)9d
9:8d(2+1)10n
10:6o(6+1)11d
11:11o(-1+1)12d
12:12o(-1+1)13d
13:12o(-1+1)14d
14:12d(2+1)15n

"
H5N5F0E0L0,"RES
1b:b-dglc-HEX-1:5
2s:n-acetyl
3b:b-dglc-HEX-1:5
4s:n-acetyl
5b:b-dman-HEX-1:5
6b:x-dglc-HEX-1:5
7s:n-acetyl
8b:a-dman-HEX-1:5
9b:x-dglc-HEX-1:5
10b:x-dgal-HEX-1:5
11s:n-acetyl
12b:a-dman-HEX-1:5
13b:x-dglc-HEX-1:5
14b:x-dgal-HEX-1:5
15s:n-acetyl
LIN
1:1d(2+1)2n
2:1o(4+1)3d
3:3d(2+1)4n
4:3o(4+1)5d
5:5o(-1+1)6d
6:6d(2+1)7n
7:5o(3+1)8d
8:8o(-1+1)9d
9:9o(-1+1)10d
10:9d(2+1)11n
11:5o(6+1)12d
12:12o(-1+1)13d
13:13o(-1+1)14d
14:13d(2+1)15n

"
H5N5F0E1L0,"RES
1b:b-dglc-HEX-1:5
2s:n-acetyl
3b:b-dglc-HEX-1:5
4s:n-acetyl
5b:b-dman-HEX-1:5
6b:x-dglc-HEX-1:5
7s:n-acetyl
8b:a-dman-HEX-1:5
9b:x-dglc-HEX-1:5
10b:x-dgal-HEX-1:5
11s:n-acetyl
12b:a-dman-HEX-1:5
13b:x-dglc-HEX-1:5
14b:x-dgal-HEX-1:5
15b:a-dgro-dgal-NON-2:6|1:a|2:keto|3:d
16s:n-acetyl
17s:n-acetyl
LIN
1:1d(2+1)2n
2:1o(4+1)3d
3:3d(2+1)4n
4:3o(4+1)5d
5:5o(-1+1)6d
6:6d(2+1)7n
7:5o(3+1)8d
8:8o(-1+1)9d
9:9o(-1+1)10d
10:9d(2+1)11n
11:5o(6+1)12d
12:12o(-1+1)13d
13:13o(-1+1)14d
14:14o(6+2)15d
15:15d(5+1)16n
16:13d(2+1)17n

"
H5N5F0E2L0,"RES
1b:b-dglc-HEX-1:5
2s:n-acetyl
3b:b-dglc-HEX-1:5
4s:n-acetyl
5b:b-dman-HEX-1:5
6b:x-dglc-HEX-1:5
7s:n-acetyl
8b:a-dman-HEX-1:5
9b:x-dglc-HEX-1:5
10b:x-dgal-HEX-1:5
11b:a-dgro-dgal-NON-2:6|1:a|2:keto|3:d
12s:n-acetyl
13s:n-acetyl
14b:a-dman-HEX-1:5
15b:x-dglc-HEX-1:5
16b:x-dgal-HEX-1:5
17b:a-dgro-dgal-NON-2:6|1:a|2:keto|3:d
18s:n-acetyl
19s:n-acetyl
LIN
1:1d(2+1)2n
2:1o(4+1)3d
3:3d(2+1)4n
4:3o(4+1)5d
5:5o(-1+1)6d
6:6d(2+1)7n
7:5o(3+1)8d
8:8o(-1+1)9d
9:9o(-1+1)10d
10:10o(6+2)11d
11:11d(5+1)12n
12:9d(2+1)13n
13:5o(6+1)14d
14:14o(-1+1)15d
15:15o(-1+1)16d
16:16o(6+2)17d
17:17d(5+1)18n
18:15d(2+1)19n

"
H5N5F1E0L0,"RES
1b:b-dglc-HEX-1:5
2b:x-lgal-HEX-1:5|6:d
3s:n-acetyl
4b:b-dglc-HEX-1:5
5s:n-acetyl
6b:b-dman-HEX-1:5
7b:x-dglc-HEX-1:5
8s:n-acetyl
9b:a-dman-HEX-1:5
10b:x-dglc-HEX-1:5
11b:x-dgal-HEX-1:5
12s:n-acetyl
13b:a-dman-HEX-1:5
14b:x-dglc-HEX-1:5
15b:x-dgal-HEX-1:5
16s:n-acetyl
LIN
1:1o(-1+1)2d
2:1d(2+1)3n
3:1o(4+1)4d
4:4d(2+1)5n
5:4o(4+1)6d
6:6o(-1+1)7d
7:7d(2+1)8n
8:6o(3+1)9d
9:9o(-1+1)10d
10:10o(-1+1)11d
11:10d(2+1)12n
12:6o(6+1)13d
13:13o(-1+1)14d
14:14o(-1+1)15d
15:14d(2+1)16n

"
H5N5F1E1L0,"RES
1b:b-dglc-HEX-1:5
2b:x-lgal-HEX-1:5|6:d
3s:n-acetyl
4b:b-dglc-HEX-1:5
5s:n-acetyl
6b:b-dman-HEX-1:5
7b:x-dglc-HEX-1:5
8s:n-acetyl
9b:a-dman-HEX-1:5
10b:x-dglc-HEX-1:5
11b:x-dgal-HEX-1:5
12s:n-acetyl
13b:a-dman-HEX-1:5
14b:x-dglc-HEX-1:5
15b:x-dgal-HEX-1:5
16b:a-dgro-dgal-NON-2:6|1:a|2:keto|3:d
17s:n-acetyl
18s:n-acetyl
LIN
1:1o(-1+1)2d
2:1d(2+1)3n
3:1o(4+1)4d
4:4d(2+1)5n
5:4o(4+1)6d
6:6o(-1+1)7d
7:7d(2+1)8n
8:6o(3+1)9d
9:9o(-1+1)10d
10:10o(-1+1)11d
11:10d(2+1)12n
12:6o(6+1)13d
13:13o(-1+1)14d
14:14o(-1+1)15d
15:15o(6+2)16d
16:16d(5+1)17n
17:14d(2+1)18n

"
H5N5F1E1L1,"RES
1b:b-dglc-HEX-1:5
2b:x-lgal-HEX-1:5|6:d
3s:n-acetyl
4b:b-dglc-HEX-1:5
5s:n-acetyl
6b:b-dman-HEX-1:5
7b:x-dglc-HEX-1:5
8s:n-acetyl
9b:a-dman-HEX-1:5
10b:x-dglc-HEX-1:5
11b:x-dgal-HEX-1:5
12b:a-dgro-dgal-NON-2:6|1:a|2:keto|3:d
13s:n-acetyl
14s:n-acetyl
15b:a-dman-HEX-1:5
16b:x-dglc-HEX-1:5
17b:x-dgal-HEX-1:5
18b:a-dgro-dgal-NON-2:6|1:a|2:keto|3:d
19s:n-acetyl
20s:n-acetyl
LIN
1:1o(-1+1)2d
2:1d(2+1)3n
3:1o(4+1)4d
4:4d(2+1)5n
5:4o(4+1)6d
6:6o(-1+1)7d
7:7d(2+1)8n
8:6o(3+1)9d
9:9o(-1+1)10d
10:10o(-1+1)11d
11:11o(3+2)12d
12:12d(5+1)13n
13:10d(2+1)14n
14:6o(6+1)15d
15:15o(-1+1)16d
16:16o(-1+1)17d
17:17o(6+2)18d
18:18d(5+1)19n
19:16d(2+1)20n

"
H5N5F1E2L0,"RES
1b:b-dglc-HEX-1:5
2b:x-lgal-HEX-1:5|6:d
3s:n-acetyl
4b:b-dglc-HEX-1:5
5s:n-acetyl
6b:b-dman-HEX-1:5
7b:x-dglc-HEX-1:5
8s:n-acetyl
9b:a-dman-HEX-1:5
10b:x-dglc-HEX-1:5
11b:x-dgal-HEX-1:5
12b:a-dgro-dgal-NON-2:6|1:a|2:keto|3:d
13s:n-acetyl
14s:n-acetyl
15b:a-dman-HEX-1:5
16b:x-dglc-HEX-1:5
17b:x-dgal-HEX-1:5
18b:a-dgro-dgal-NON-2:6|1:a|2:keto|3:d
19s:n-acetyl
20s:n-acetyl
LIN
1:1o(-1+1)2d
2:1d(2+1)3n
3:1o(4+1)4d
4:4d(2+1)5n
5:4o(4+1)6d
6:6o(-1+1)7d
7:7d(2+1)8n
8:6o(3+1)9d
9:9o(-1+1)10d
10:10o(-1+1)11d
11:11o(6+2)12d
12:12d(5+1)13n
13:10d(2+1)14n
14:6o(6+1)15d
15:15o(-1+1)16d
16:16o(-1+1)17d
17:17o(6+2)18d
18:18d(5+1)19n
19:16d(2+1)20n

"
H6N2F0E0L0,"RES
1b:b-dglc-HEX-1:5
2s:n-acetyl
3b:b-dglc-HEX-1:5
4s:n-acetyl
5b:b-dman-HEX-1:5
6b:a-dman-HEX-1:5
7b:x-dman-HEX-1:5
8b:a-dman-HEX-1:5
9b:x-dman-HEX-1:5
10b:x-dman-HEX-1:5
LIN
1:1d(2+1)2n
2:1o(4+1)3d
3:3d(2+1)4n
4:3o(4+1)5d
5:5o(3+1)6d
6:6o(-1+1)7d
7:5o(6+1)8d
8:8o(-1+1)9d
9:8o(-1+1)10d

"
H6N3F0E1L0,"RES
1b:b-dglc-HEX-1:5
2s:n-acetyl
3b:b-dglc-HEX-1:5
4s:n-acetyl
5b:b-dman-HEX-1:5
6b:a-dman-HEX-1:5
7b:x-dglc-HEX-1:5
8b:x-dgal-HEX-1:5
9b:a-dgro-dgal-NON-2:6|1:a|2:keto|3:d
10s:n-acetyl
11s:n-acetyl
12b:a-dman-HEX-1:5
13b:x-dman-HEX-1:5
14b:x-dman-HEX-1:5
LIN
1:1d(2+1)2n
2:1o(4+1)3d
3:3d(2+1)4n
4:3o(4+1)5d
5:5o(3+1)6d
6:6o(-1+1)7d
7:7o(-1+1)8d
8:8o(6+2)9d
9:9d(5+1)10n
10:7d(2+1)11n
11:5o(6+1)12d
12:12o(-1+1)13d
13:12o(-1+1)14d

"
H6N5F0E1L0,"RES
1b:b-dglc-HEX-1:5
2s:n-acetyl
3b:b-dglc-HEX-1:5
4s:n-acetyl
5b:b-dman-HEX-1:5
6b:a-dman-HEX-1:5
7b:x-dglc-HEX-1:5
8b:x-dgal-HEX-1:5
9s:n-acetyl
10b:x-dglc-HEX-1:5
11b:x-dgal-HEX-1:5
12s:n-acetyl
13b:a-dman-HEX-1:5
14b:x-dglc-HEX-1:5
15b:x-dgal-HEX-1:5
16b:a-dgro-dgal-NON-2:6|1:a|2:keto|3:d
17s:n-acetyl
18s:n-acetyl
LIN
1:1d(2+1)2n
2:1o(4+1)3d
3:3d(2+1)4n
4:3o(4+1)5d
5:5o(3+1)6d
6:6o(-1+1)7d
7:7o(-1+1)8d
8:7d(2+1)9n
9:6o(-1+1)10d
10:10o(-1+1)11d
11:10d(2+1)12n
12:5o(6+1)13d
13:13o(-1+1)14d
14:14o(-1+1)15d
15:15o(6+2)16d
16:16d(5+1)17n
17:14d(2+1)18n

"
H6N5F0E1L1,"RES
1b:b-dglc-HEX-1:5
2s:n-acetyl
3b:b-dglc-HEX-1:5
4s:n-acetyl
5b:b-dman-HEX-1:5
6b:a-dman-HEX-1:5
7b:x-dglc-HEX-1:5
8b:x-dgal-HEX-1:5
9s:n-acetyl
10b:x-dglc-HEX-1:5
11b:x-dgal-HEX-1:5
12b:a-dgro-dgal-NON-2:6|1:a|2:keto|3:d
13s:n-acetyl
14s:n-acetyl
15b:a-dman-HEX-1:5
16b:x-dglc-HEX-1:5
17b:x-dgal-HEX-1:5
18b:a-dgro-dgal-NON-2:6|1:a|2:keto|3:d
19s:n-acetyl
20s:n-acetyl
LIN
1:1d(2+1)2n
2:1o(4+1)3d
3:3d(2+1)4n
4:3o(4+1)5d
5:5o(3+1)6d
6:6o(-1+1)7d
7:7o(-1+1)8d
8:7d(2+1)9n
9:6o(-1+1)10d
10:10o(-1+1)11d
11:11o(3+2)12d
12:12d(5+1)13n
13:10d(2+1)14n
14:5o(6+1)15d
15:15o(-1+1)16d
16:16o(-1+1)17d
17:17o(6+2)18d
18:18d(5+1)19n
19:16d(2+1)20n

"
H6N5F0E1L2,"RES
1b:b-dglc-HEX-1:5
2s:n-acetyl
3b:b-dglc-HEX-1:5
4s:n-acetyl
5b:b-dman-HEX-1:5
6b:a-dman-HEX-1:5
7b:x-dglc-HEX-1:5
8b:x-dgal-HEX-1:5
9b:a-dgro-dgal-NON-2:6|1:a|2:keto|3:d
10s:n-acetyl
11s:n-acetyl
12b:x-dglc-HEX-1:5
13b:x-dgal-HEX-1:5
14b:a-dgro-dgal-NON-2:6|1:a|2:keto|3:d
15s:n-acetyl
16s:n-acetyl
17b:a-dman-HEX-1:5
18b:x-dglc-HEX-1:5
19b:x-dgal-HEX-1:5
20b:a-dgro-dgal-NON-2:6|1:a|2:keto|3:d
21s:n-acetyl
22s:n-acetyl
LIN
1:1d(2+1)2n
2:1o(4+1)3d
3:3d(2+1)4n
4:3o(4+1)5d
5:5o(3+1)6d
6:6o(-1+1)7d
7:7o(-1+1)8d
8:8o(3+2)9d
9:9d(5+1)10n
10:7d(2+1)11n
11:6o(-1+1)12d
12:12o(-1+1)13d
13:13o(3+2)14d
14:14d(5+1)15n
15:12d(2+1)16n
16:5o(6+1)17d
17:17o(-1+1)18d
18:18o(-1+1)19d
19:19o(6+2)20d
20:20d(5+1)21n
21:18d(2+1)22n

"
H6N5F0E2L0,"RES
1b:b-dglc-HEX-1:5
2s:n-acetyl
3b:b-dglc-HEX-1:5
4s:n-acetyl
5b:b-dman-HEX-1:5
6b:a-dman-HEX-1:5
7b:x-dglc-HEX-1:5
8b:x-dgal-HEX-1:5
9s:n-acetyl
10b:x-dglc-HEX-1:5
11b:x-dgal-HEX-1:5
12b:a-dgro-dgal-NON-2:6|1:a|2:keto|3:d
13s:n-acetyl
14s:n-acetyl
15b:a-dman-HEX-1:5
16b:x-dglc-HEX-1:5
17b:x-dgal-HEX-1:5
18b:a-dgro-dgal-NON-2:6|1:a|2:keto|3:d
19s:n-acetyl
20s:n-acetyl
LIN
1:1d(2+1)2n
2:1o(4+1)3d
3:3d(2+1)4n
4:3o(4+1)5d
5:5o(3+1)6d
6:6o(-1+1)7d
7:7o(-1+1)8d
8:7d(2+1)9n
9:6o(-1+1)10d
10:10o(-1+1)11d
11:11o(6+2)12d
12:12d(5+1)13n
13:10d(2+1)14n
14:5o(6+1)15d
15:15o(-1+1)16d
16:16o(-1+1)17d
17:17o(6+2)18d
18:18d(5+1)19n
19:16d(2+1)20n

"
H6N5F0E2L1,"RES
1b:b-dglc-HEX-1:5
2s:n-acetyl
3b:b-dglc-HEX-1:5
4s:n-acetyl
5b:b-dman-HEX-1:5
6b:a-dman-HEX-1:5
7b:x-dglc-HEX-1:5
8b:x-dgal-HEX-1:5
9b:a-dgro-dgal-NON-2:6|1:a|2:keto|3:d
10s:n-acetyl
11s:n-acetyl
12b:x-dglc-HEX-1:5
13b:x-dgal-HEX-1:5
14b:a-dgro-dgal-NON-2:6|1:a|2:keto|3:d
15s:n-acetyl
16s:n-acetyl
17b:a-dman-HEX-1:5
18b:x-dglc-HEX-1:5
19b:x-dgal-HEX-1:5
20b:a-dgro-dgal-NON-2:6|1:a|2:keto|3:d
21s:n-acetyl
22s:n-acetyl
LIN
1:1d(2+1)2n
2:1o(4+1)3d
3:3d(2+1)4n
4:3o(4+1)5d
5:5o(3+1)6d
6:6o(-1+1)7d
7:7o(-1+1)8d
8:8o(6+2)9d
9:9d(5+1)10n
10:7d(2+1)11n
11:6o(-1+1)12d
12:12o(-1+1)13d
13:13o(3+2)14d
14:14d(5+1)15n
15:12d(2+1)16n
16:5o(6+1)17d
17:17o(-1+1)18d
18:18o(-1+1)19d
19:19o(6+2)20d
20:20d(5+1)21n
21:18d(2+1)22n

"
H6N5F0E3L0,"RES
1b:b-dglc-HEX-1:5
2s:n-acetyl
3b:b-dglc-HEX-1:5
4s:n-acetyl
5b:b-dman-HEX-1:5
6b:a-dman-HEX-1:5
7b:x-dglc-HEX-1:5
8b:x-dgal-HEX-1:5
9b:a-dgro-dgal-NON-2:6|1:a|2:keto|3:d
10s:n-acetyl
11s:n-acetyl
12b:x-dglc-HEX-1:5
13b:x-dgal-HEX-1:5
14b:a-dgro-dgal-NON-2:6|1:a|2:keto|3:d
15s:n-acetyl
16s:n-acetyl
17b:a-dman-HEX-1:5
18b:x-dglc-HEX-1:5
19b:x-dgal-HEX-1:5
20b:a-dgro-dgal-NON-2:6|1:a|2:keto|3:d
21s:n-acetyl
22s:n-acetyl
LIN
1:1d(2+1)2n
2:1o(4+1)3d
3:3d(2+1)4n
4:3o(4+1)5d
5:5o(3+1)6d
6:6o(-1+1)7d
7:7o(-1+1)8d
8:8o(6+2)9d
9:9d(5+1)10n
10:7d(2+1)11n
11:6o(-1+1)12d
12:12o(-1+1)13d
13:13o(6+2)14d
14:14d(5+1)15n
15:12d(2+1)16n
16:5o(6+1)17d
17:17o(-1+1)18d
18:18o(-1+1)19d
19:19o(6+2)20d
20:20d(5+1)21n
21:18d(2+1)22n

"
H6N5F1E1L0,"RES
1b:b-dglc-HEX-1:5
2b:x-lgal-HEX-1:5|6:d
3s:n-acetyl
4b:b-dglc-HEX-1:5
5s:n-acetyl
6b:b-dman-HEX-1:5
7b:a-dman-HEX-1:5
8b:x-dglc-HEX-1:5
9b:x-dgal-HEX-1:5
10s:n-acetyl
11b:x-dglc-HEX-1:5
12b:x-dgal-HEX-1:5
13s:n-acetyl
14b:a-dman-HEX-1:5
15b:x-dglc-HEX-1:5
16b:x-dgal-HEX-1:5
17b:a-dgro-dgal-NON-2:6|1:a|2:keto|3:d
18s:n-acetyl
19s:n-acetyl
LIN
1:1o(-1+1)2d
2:1d(2+1)3n
3:1o(4+1)4d
4:4d(2+1)5n
5:4o(4+1)6d
6:6o(3+1)7d
7:7o(-1+1)8d
8:8o(-1+1)9d
9:8d(2+1)10n
10:7o(-1+1)11d
11:11o(-1+1)12d
12:11d(2+1)13n
13:6o(6+1)14d
14:14o(-1+1)15d
15:15o(-1+1)16d
16:16o(6+2)17d
17:17d(5+1)18n
18:15d(2+1)19n

"
H6N5F1E1L1,"RES
1b:b-dglc-HEX-1:5
2b:x-lgal-HEX-1:5|6:d
3s:n-acetyl
4b:b-dglc-HEX-1:5
5s:n-acetyl
6b:b-dman-HEX-1:5
7b:a-dman-HEX-1:5
8b:x-dglc-HEX-1:5
9b:x-dgal-HEX-1:5
10s:n-acetyl
11b:x-dglc-HEX-1:5
12b:x-dgal-HEX-1:5
13b:a-dgro-dgal-NON-2:6|1:a|2:keto|3:d
14s:n-acetyl
15s:n-acetyl
16b:a-dman-HEX-1:5
17b:x-dglc-HEX-1:5
18b:x-dgal-HEX-1:5
19b:a-dgro-dgal-NON-2:6|1:a|2:keto|3:d
20s:n-acetyl
21s:n-acetyl
LIN
1:1o(-1+1)2d
2:1d(2+1)3n
3:1o(4+1)4d
4:4d(2+1)5n
5:4o(4+1)6d
6:6o(3+1)7d
7:7o(-1+1)8d
8:8o(-1+1)9d
9:8d(2+1)10n
10:7o(-1+1)11d
11:11o(-1+1)12d
12:12o(3+2)13d
13:13d(5+1)14n
14:11d(2+1)15n
15:6o(6+1)16d
16:16o(-1+1)17d
17:17o(-1+1)18d
18:18o(6+2)19d
19:19d(5+1)20n
20:17d(2+1)21n

"
H6N5F1E1L2,"RES
1b:b-dglc-HEX-1:5
2b:x-lgal-HEX-1:5|6:d
3s:n-acetyl
4b:b-dglc-HEX-1:5
5s:n-acetyl
6b:b-dman-HEX-1:5
7b:a-dman-HEX-1:5
8b:x-dglc-HEX-1:5
9b:x-dgal-HEX-1:5
10b:a-dgro-dgal-NON-2:6|1:a|2:keto|3:d
11s:n-acetyl
12s:n-acetyl
13b:x-dglc-HEX-1:5
14b:x-dgal-HEX-1:5
15b:a-dgro-dgal-NON-2:6|1:a|2:keto|3:d
16s:n-acetyl
17s:n-acetyl
18b:a-dman-HEX-1:5
19b:x-dglc-HEX-1:5
20b:x-dgal-HEX-1:5
21b:a-dgro-dgal-NON-2:6|1:a|2:keto|3:d
22s:n-acetyl
23s:n-acetyl
LIN
1:1o(-1+1)2d
2:1d(2+1)3n
3:1o(4+1)4d
4:4d(2+1)5n
5:4o(4+1)6d
6:6o(3+1)7d
7:7o(-1+1)8d
8:8o(-1+1)9d
9:9o(3+2)10d
10:10d(5+1)11n
11:8d(2+1)12n
12:7o(-1+1)13d
13:13o(-1+1)14d
14:14o(3+2)15d
15:15d(5+1)16n
16:13d(2+1)17n
17:6o(6+1)18d
18:18o(-1+1)19d
19:19o(-1+1)20d
20:20o(6+2)21d
21:21d(5+1)22n
22:19d(2+1)23n

"
H6N5F1E2L0,"RES
1b:b-dglc-HEX-1:5
2b:x-lgal-HEX-1:5|6:d
3s:n-acetyl
4b:b-dglc-HEX-1:5
5s:n-acetyl
6b:b-dman-HEX-1:5
7b:a-dman-HEX-1:5
8b:x-dglc-HEX-1:5
9b:x-dgal-HEX-1:5
10s:n-acetyl
11b:x-dglc-HEX-1:5
12b:x-dgal-HEX-1:5
13b:a-dgro-dgal-NON-2:6|1:a|2:keto|3:d
14s:n-acetyl
15s:n-acetyl
16b:a-dman-HEX-1:5
17b:x-dglc-HEX-1:5
18b:x-dgal-HEX-1:5
19b:a-dgro-dgal-NON-2:6|1:a|2:keto|3:d
20s:n-acetyl
21s:n-acetyl
LIN
1:1o(-1+1)2d
2:1d(2+1)3n
3:1o(4+1)4d
4:4d(2+1)5n
5:4o(4+1)6d
6:6o(3+1)7d
7:7o(-1+1)8d
8:8o(-1+1)9d
9:8d(2+1)10n
10:7o(-1+1)11d
11:11o(-1+1)12d
12:12o(6+2)13d
13:13d(5+1)14n
14:11d(2+1)15n
15:6o(6+1)16d
16:16o(-1+1)17d
17:17o(-1+1)18d
18:18o(6+2)19d
19:19d(5+1)20n
20:17d(2+1)21n

"
H6N5F1E2L1,"RES
1b:b-dglc-HEX-1:5
2b:x-lgal-HEX-1:5|6:d
3s:n-acetyl
4b:b-dglc-HEX-1:5
5s:n-acetyl
6b:b-dman-HEX-1:5
7b:a-dman-HEX-1:5
8b:x-dglc-HEX-1:5
9b:x-dgal-HEX-1:5
10b:a-dgro-dgal-NON-2:6|1:a|2:keto|3:d
11s:n-acetyl
12s:n-acetyl
13b:x-dglc-HEX-1:5
14b:x-dgal-HEX-1:5
15b:a-dgro-dgal-NON-2:6|1:a|2:keto|3:d
16s:n-acetyl
17s:n-acetyl
18b:a-dman-HEX-1:5
19b:x-dglc-HEX-1:5
20b:x-dgal-HEX-1:5
21b:a-dgro-dgal-NON-2:6|1:a|2:keto|3:d
22s:n-acetyl
23s:n-acetyl
LIN
1:1o(-1+1)2d
2:1d(2+1)3n
3:1o(4+1)4d
4:4d(2+1)5n
5:4o(4+1)6d
6:6o(3+1)7d
7:7o(-1+1)8d
8:8o(-1+1)9d
9:9o(6+2)10d
10:10d(5+1)11n
11:8d(2+1)12n
12:7o(-1+1)13d
13:13o(-1+1)14d
14:14o(3+2)15d
15:15d(5+1)16n
16:13d(2+1)17n
17:6o(6+1)18d
18:18o(-1+1)19d
19:19o(-1+1)20d
20:20o(6+2)21d
21:21d(5+1)22n
22:19d(2+1)23n

"
H6N5F2E2L1,"RES
1b:b-dglc-HEX-1:5
2b:x-lgal-HEX-1:5|6:d
3s:n-acetyl
4b:b-dglc-HEX-1:5
5s:n-acetyl
6b:b-dman-HEX-1:5
7b:a-dman-HEX-1:5
8b:x-dglc-HEX-1:5
9b:x-dgal-HEX-1:5
10b:a-dgro-dgal-NON-2:6|1:a|2:keto|3:d
11s:n-acetyl
12s:n-acetyl
13b:a-dman-HEX-1:5
14b:x-dglc-HEX-1:5
15b:x-dgal-HEX-1:5
16b:a-dgro-dgal-NON-2:6|1:a|2:keto|3:d
17s:n-acetyl
18s:n-acetyl
19b:x-dglc-HEX-1:5
20b:x-lgal-HEX-1:5|6:d
21b:x-dgal-HEX-1:5
22b:a-dgro-dgal-NON-2:6|1:a|2:keto|3:d
23s:n-acetyl
24s:n-acetyl
LIN
1:1o(-1+1)2d
2:1d(2+1)3n
3:1o(4+1)4d
4:4d(2+1)5n
5:4o(4+1)6d
6:6o(3+1)7d
7:7o(-1+1)8d
8:8o(-1+1)9d
9:9o(3+2)10d
10:10d(5+1)11n
11:8d(2+1)12n
12:6o(6+1)13d
13:13o(-1+1)14d
14:14o(-1+1)15d
15:15o(6+2)16d
16:16d(5+1)17n
17:14d(2+1)18n
18:13o(-1+1)19d
19:19o(-1+1)20d
20:19o(-1+1)21d
21:21o(6+2)22d
22:22d(5+1)23n
23:19d(2+1)24n

"
H7N2F0E0L0,"RES
1b:b-dglc-HEX-1:5
2s:n-acetyl
3b:b-dglc-HEX-1:5
4s:n-acetyl
5b:b-dman-HEX-1:5
6b:a-dman-HEX-1:5
7b:a-dman-HEX-1:5
8b:x-dman-HEX-1:5
9b:x-dman-HEX-1:5
10b:x-dman-HEX-1:5
11b:x-dman-HEX-1:5
LIN
1:1d(2+1)2n
2:1o(4+1)3d
3:3d(2+1)4n
4:3o(4+1)5d
5:5o(3+1)6d
6:5o(6+1)7d
7:7o(-1+1)8d
8:8o(-1+1)9d
9:7o(-1+1)10d
10:10o(-1+1)11d

"
H7N6F0E1L0,"RES
1b:b-dglc-HEX-1:5
2s:n-acetyl
3b:b-dglc-HEX-1:5
4s:n-acetyl
5b:b-dman-HEX-1:5
6b:a-dman-HEX-1:5
7b:x-dglc-HEX-1:5
8b:x-dgal-HEX-1:5
9s:n-acetyl
10b:x-dglc-HEX-1:5
11b:x-dgal-HEX-1:5
12s:n-acetyl
13b:a-dman-HEX-1:5
14b:x-dglc-HEX-1:5
15b:x-dgal-HEX-1:5
16s:n-acetyl
17b:x-dglc-HEX-1:5
18b:x-dgal-HEX-1:5
19b:a-dgro-dgal-NON-2:6|1:a|2:keto|3:d
20s:n-acetyl
21s:n-acetyl
LIN
1:1d(2+1)2n
2:1o(4+1)3d
3:3d(2+1)4n
4:3o(4+1)5d
5:5o(3+1)6d
6:6o(-1+1)7d
7:7o(-1+1)8d
8:7d(2+1)9n
9:6o(-1+1)10d
10:10o(-1+1)11d
11:10d(2+1)12n
12:5o(6+1)13d
13:13o(-1+1)14d
14:14o(-1+1)15d
15:14d(2+1)16n
16:13o(-1+1)17d
17:17o(-1+1)18d
18:18o(6+2)19d
19:19d(5+1)20n
20:17d(2+1)21n

"
H7N6F0E1L2,"RES
1b:b-dglc-HEX-1:5
2s:n-acetyl
3b:b-dglc-HEX-1:5
4s:n-acetyl
5b:b-dman-HEX-1:5
6b:a-dman-HEX-1:5
7b:x-dglc-HEX-1:5
8b:x-dgal-HEX-1:5
9s:n-acetyl
10b:x-dglc-HEX-1:5
11b:x-dgal-HEX-1:5
12b:a-dgro-dgal-NON-2:6|1:a|2:keto|3:d
13s:n-acetyl
14s:n-acetyl
15b:a-dman-HEX-1:5
16b:x-dglc-HEX-1:5
17b:x-dgal-HEX-1:5
18b:a-dgro-dgal-NON-2:6|1:a|2:keto|3:d
19s:n-acetyl
20s:n-acetyl
21b:x-dglc-HEX-1:5
22b:x-dgal-HEX-1:5
23b:a-dgro-dgal-NON-2:6|1:a|2:keto|3:d
24s:n-acetyl
25s:n-acetyl
LIN
1:1d(2+1)2n
2:1o(4+1)3d
3:3d(2+1)4n
4:3o(4+1)5d
5:5o(3+1)6d
6:6o(-1+1)7d
7:7o(-1+1)8d
8:7d(2+1)9n
9:6o(-1+1)10d
10:10o(-1+1)11d
11:11o(3+2)12d
12:12d(5+1)13n
13:10d(2+1)14n
14:5o(6+1)15d
15:15o(-1+1)16d
16:16o(-1+1)17d
17:17o(6+2)18d
18:18d(5+1)19n
19:16d(2+1)20n
20:15o(-1+1)21d
21:21o(-1+1)22d
22:22o(3+2)23d
23:23d(5+1)24n
24:21d(2+1)25n

"
H7N6F0E1L3,"RES
1b:b-dglc-HEX-1:5
2s:n-acetyl
3b:b-dglc-HEX-1:5
4s:n-acetyl
5b:b-dman-HEX-1:5
6b:a-dman-HEX-1:5
7b:x-dglc-HEX-1:5
8b:x-dgal-HEX-1:5
9b:a-dgro-dgal-NON-2:6|1:a|2:keto|3:d
10s:n-acetyl
11s:n-acetyl
12b:x-dglc-HEX-1:5
13b:x-dgal-HEX-1:5
14b:a-dgro-dgal-NON-2:6|1:a|2:keto|3:d
15s:n-acetyl
16s:n-acetyl
17b:a-dman-HEX-1:5
18b:x-dglc-HEX-1:5
19b:x-dgal-HEX-1:5
20b:a-dgro-dgal-NON-2:6|1:a|2:keto|3:d
21s:n-acetyl
22s:n-acetyl
23b:x-dglc-HEX-1:5
24b:x-dgal-HEX-1:5
25b:a-dgro-dgal-NON-2:6|1:a|2:keto|3:d
26s:n-acetyl
27s:n-acetyl
LIN
1:1d(2+1)2n
2:1o(4+1)3d
3:3d(2+1)4n
4:3o(4+1)5d
5:5o(3+1)6d
6:6o(-1+1)7d
7:7o(-1+1)8d
8:8o(3+2)9d
9:9d(5+1)10n
10:7d(2+1)11n
11:6o(-1+1)12d
12:12o(-1+1)13d
13:13o(3+2)14d
14:14d(5+1)15n
15:12d(2+1)16n
16:5o(6+1)17d
17:17o(-1+1)18d
18:18o(-1+1)19d
19:19o(6+2)20d
20:20d(5+1)21n
21:18d(2+1)22n
22:17o(-1+1)23d
23:23o(-1+1)24d
24:24o(3+2)25d
25:25d(5+1)26n
26:23d(2+1)27n

"
H7N6F0E2L0,"RES
1b:b-dglc-HEX-1:5
2s:n-acetyl
3b:b-dglc-HEX-1:5
4s:n-acetyl
5b:b-dman-HEX-1:5
6b:a-dman-HEX-1:5
7b:x-dglc-HEX-1:5
8b:x-dgal-HEX-1:5
9s:n-acetyl
10b:x-dglc-HEX-1:5
11b:x-dgal-HEX-1:5
12s:n-acetyl
13b:a-dman-HEX-1:5
14b:x-dglc-HEX-1:5
15b:x-dgal-HEX-1:5
16b:a-dgro-dgal-NON-2:6|1:a|2:keto|3:d
17s:n-acetyl
18s:n-acetyl
19b:x-dglc-HEX-1:5
20b:x-dgal-HEX-1:5
21b:a-dgro-dgal-NON-2:6|1:a|2:keto|3:d
22s:n-acetyl
23s:n-acetyl
LIN
1:1d(2+1)2n
2:1o(4+1)3d
3:3d(2+1)4n
4:3o(4+1)5d
5:5o(3+1)6d
6:6o(-1+1)7d
7:7o(-1+1)8d
8:7d(2+1)9n
9:6o(-1+1)10d
10:10o(-1+1)11d
11:10d(2+1)12n
12:5o(6+1)13d
13:13o(-1+1)14d
14:14o(-1+1)15d
15:15o(6+2)16d
16:16d(5+1)17n
17:14d(2+1)18n
18:13o(-1+1)19d
19:19o(-1+1)20d
20:20o(6+2)21d
21:21d(5+1)22n
22:19d(2+1)23n

"
H7N6F0E2L1,"RES
1b:b-dglc-HEX-1:5
2s:n-acetyl
3b:b-dglc-HEX-1:5
4s:n-acetyl
5b:b-dman-HEX-1:5
6b:a-dman-HEX-1:5
7b:x-dglc-HEX-1:5
8b:x-dgal-HEX-1:5
9s:n-acetyl
10b:x-dglc-HEX-1:5
11b:x-dgal-HEX-1:5
12b:a-dgro-dgal-NON-2:6|1:a|2:keto|3:d
13s:n-acetyl
14s:n-acetyl
15b:a-dman-HEX-1:5
16b:x-dglc-HEX-1:5
17b:x-dgal-HEX-1:5
18b:a-dgro-dgal-NON-2:6|1:a|2:keto|3:d
19s:n-acetyl
20s:n-acetyl
21b:x-dglc-HEX-1:5
22b:x-dgal-HEX-1:5
23b:a-dgro-dgal-NON-2:6|1:a|2:keto|3:d
24s:n-acetyl
25s:n-acetyl
LIN
1:1d(2+1)2n
2:1o(4+1)3d
3:3d(2+1)4n
4:3o(4+1)5d
5:5o(3+1)6d
6:6o(-1+1)7d
7:7o(-1+1)8d
8:7d(2+1)9n
9:6o(-1+1)10d
10:10o(-1+1)11d
11:11o(3+2)12d
12:12d(5+1)13n
13:10d(2+1)14n
14:5o(6+1)15d
15:15o(-1+1)16d
16:16o(-1+1)17d
17:17o(6+2)18d
18:18d(5+1)19n
19:16d(2+1)20n
20:15o(-1+1)21d
21:21o(-1+1)22d
22:22o(6+2)23d
23:23d(5+1)24n
24:21d(2+1)25n

"
H7N6F0E2L2,"RES
1b:b-dglc-HEX-1:5
2s:n-acetyl
3b:b-dglc-HEX-1:5
4s:n-acetyl
5b:b-dman-HEX-1:5
6b:a-dman-HEX-1:5
7b:x-dglc-HEX-1:5
8b:x-dgal-HEX-1:5
9b:a-dgro-dgal-NON-2:6|1:a|2:keto|3:d
10s:n-acetyl
11s:n-acetyl
12b:x-dglc-HEX-1:5
13b:x-dgal-HEX-1:5
14b:a-dgro-dgal-NON-2:6|1:a|2:keto|3:d
15s:n-acetyl
16s:n-acetyl
17b:a-dman-HEX-1:5
18b:x-dglc-HEX-1:5
19b:x-dgal-HEX-1:5
20b:a-dgro-dgal-NON-2:6|1:a|2:keto|3:d
21s:n-acetyl
22s:n-acetyl
23b:x-dglc-HEX-1:5
24b:x-dgal-HEX-1:5
25b:a-dgro-dgal-NON-2:6|1:a|2:keto|3:d
26s:n-acetyl
27s:n-acetyl
LIN
1:1d(2+1)2n
2:1o(4+1)3d
3:3d(2+1)4n
4:3o(4+1)5d
5:5o(3+1)6d
6:6o(-1+1)7d
7:7o(-1+1)8d
8:8o(3+2)9d
9:9d(5+1)10n
10:7d(2+1)11n
11:6o(-1+1)12d
12:12o(-1+1)13d
13:13o(3+2)14d
14:14d(5+1)15n
15:12d(2+1)16n
16:5o(6+1)17d
17:17o(-1+1)18d
18:18o(-1+1)19d
19:19o(6+2)20d
20:20d(5+1)21n
21:18d(2+1)22n
22:17o(-1+1)23d
23:23o(-1+1)24d
24:24o(6+2)25d
25:25d(5+1)26n
26:23d(2+1)27n

"
H7N6F0E3L0,"RES
1b:b-dglc-HEX-1:5
2s:n-acetyl
3b:b-dglc-HEX-1:5
4s:n-acetyl
5b:b-dman-HEX-1:5
6b:a-dman-HEX-1:5
7b:x-dglc-HEX-1:5
8b:x-dgal-HEX-1:5
9s:n-acetyl
10b:x-dglc-HEX-1:5
11b:x-dgal-HEX-1:5
12b:a-dgro-dgal-NON-2:6|1:a|2:keto|3:d
13s:n-acetyl
14s:n-acetyl
15b:a-dman-HEX-1:5
16b:x-dglc-HEX-1:5
17b:x-dgal-HEX-1:5
18b:a-dgro-dgal-NON-2:6|1:a|2:keto|3:d
19s:n-acetyl
20s:n-acetyl
21b:x-dglc-HEX-1:5
22b:x-dgal-HEX-1:5
23b:a-dgro-dgal-NON-2:6|1:a|2:keto|3:d
24s:n-acetyl
25s:n-acetyl
LIN
1:1d(2+1)2n
2:1o(4+1)3d
3:3d(2+1)4n
4:3o(4+1)5d
5:5o(3+1)6d
6:6o(-1+1)7d
7:7o(-1+1)8d
8:7d(2+1)9n
9:6o(-1+1)10d
10:10o(-1+1)11d
11:11o(6+2)12d
12:12d(5+1)13n
13:10d(2+1)14n
14:5o(6+1)15d
15:15o(-1+1)16d
16:16o(-1+1)17d
17:17o(6+2)18d
18:18d(5+1)19n
19:16d(2+1)20n
20:15o(-1+1)21d
21:21o(-1+1)22d
22:22o(6+2)23d
23:23d(5+1)24n
24:21d(2+1)25n

"
H7N6F0E3L1,"RES
1b:b-dglc-HEX-1:5
2s:n-acetyl
3b:b-dglc-HEX-1:5
4s:n-acetyl
5b:b-dman-HEX-1:5
6b:a-dman-HEX-1:5
7b:x-dglc-HEX-1:5
8b:x-dgal-HEX-1:5
9b:a-dgro-dgal-NON-2:6|1:a|2:keto|3:d
10s:n-acetyl
11s:n-acetyl
12b:x-dglc-HEX-1:5
13b:x-dgal-HEX-1:5
14b:a-dgro-dgal-NON-2:6|1:a|2:keto|3:d
15s:n-acetyl
16s:n-acetyl
17b:a-dman-HEX-1:5
18b:x-dglc-HEX-1:5
19b:x-dgal-HEX-1:5
20b:a-dgro-dgal-NON-2:6|1:a|2:keto|3:d
21s:n-acetyl
22s:n-acetyl
23b:x-dglc-HEX-1:5
24b:x-dgal-HEX-1:5
25b:a-dgro-dgal-NON-2:6|1:a|2:keto|3:d
26s:n-acetyl
27s:n-acetyl
LIN
1:1d(2+1)2n
2:1o(4+1)3d
3:3d(2+1)4n
4:3o(4+1)5d
5:5o(3+1)6d
6:6o(-1+1)7d
7:7o(-1+1)8d
8:8o(6+2)9d
9:9d(5+1)10n
10:7d(2+1)11n
11:6o(-1+1)12d
12:12o(-1+1)13d
13:13o(3+2)14d
14:14d(5+1)15n
15:12d(2+1)16n
16:5o(6+1)17d
17:17o(-1+1)18d
18:18o(-1+1)19d
19:19o(6+2)20d
20:20d(5+1)21n
21:18d(2+1)22n
22:17o(-1+1)23d
23:23o(-1+1)24d
24:24o(6+2)25d
25:25d(5+1)26n
26:23d(2+1)27n

"
H7N6F1E1L2,"RES
1b:b-dglc-HEX-1:5
2b:x-lgal-HEX-1:5|6:d
3s:n-acetyl
4b:b-dglc-HEX-1:5
5s:n-acetyl
6b:b-dman-HEX-1:5
7b:a-dman-HEX-1:5
8b:x-dglc-HEX-1:5
9b:x-dgal-HEX-1:5
10s:n-acetyl
11b:x-dglc-HEX-1:5
12b:x-dgal-HEX-1:5
13b:a-dgro-dgal-NON-2:6|1:a|2:keto|3:d
14s:n-acetyl
15s:n-acetyl
16b:a-dman-HEX-1:5
17b:x-dglc-HEX-1:5
18b:x-dgal-HEX-1:5
19b:a-dgro-dgal-NON-2:6|1:a|2:keto|3:d
20s:n-acetyl
21s:n-acetyl
22b:x-dglc-HEX-1:5
23b:x-dgal-HEX-1:5
24b:a-dgro-dgal-NON-2:6|1:a|2:keto|3:d
25s:n-acetyl
26s:n-acetyl
LIN
1:1o(-1+1)2d
2:1d(2+1)3n
3:1o(4+1)4d
4:4d(2+1)5n
5:4o(4+1)6d
6:6o(3+1)7d
7:7o(-1+1)8d
8:8o(-1+1)9d
9:8d(2+1)10n
10:7o(-1+1)11d
11:11o(-1+1)12d
12:12o(3+2)13d
13:13d(5+1)14n
14:11d(2+1)15n
15:6o(6+1)16d
16:16o(-1+1)17d
17:17o(-1+1)18d
18:18o(6+2)19d
19:19d(5+1)20n
20:17d(2+1)21n
21:16o(-1+1)22d
22:22o(-1+1)23d
23:23o(3+2)24d
24:24d(5+1)25n
25:22d(2+1)26n

"
H7N6F1E1L3,"RES
1b:b-dglc-HEX-1:5
2b:x-lgal-HEX-1:5|6:d
3s:n-acetyl
4b:b-dglc-HEX-1:5
5s:n-acetyl
6b:b-dman-HEX-1:5
7b:a-dman-HEX-1:5
8b:x-dglc-HEX-1:5
9b:x-dgal-HEX-1:5
10b:a-dgro-dgal-NON-2:6|1:a|2:keto|3:d
11s:n-acetyl
12s:n-acetyl
13b:x-dglc-HEX-1:5
14b:x-dgal-HEX-1:5
15b:a-dgro-dgal-NON-2:6|1:a|2:keto|3:d
16s:n-acetyl
17s:n-acetyl
18b:a-dman-HEX-1:5
19b:x-dglc-HEX-1:5
20b:x-dgal-HEX-1:5
21b:a-dgro-dgal-NON-2:6|1:a|2:keto|3:d
22s:n-acetyl
23s:n-acetyl
24b:x-dglc-HEX-1:5
25b:x-dgal-HEX-1:5
26b:a-dgro-dgal-NON-2:6|1:a|2:keto|3:d
27s:n-acetyl
28s:n-acetyl
LIN
1:1o(-1+1)2d
2:1d(2+1)3n
3:1o(4+1)4d
4:4d(2+1)5n
5:4o(4+1)6d
6:6o(3+1)7d
7:7o(-1+1)8d
8:8o(-1+1)9d
9:9o(3+2)10d
10:10d(5+1)11n
11:8d(2+1)12n
12:7o(-1+1)13d
13:13o(-1+1)14d
14:14o(3+2)15d
15:15d(5+1)16n
16:13d(2+1)17n
17:6o(6+1)18d
18:18o(-1+1)19d
19:19o(-1+1)20d
20:20o(6+2)21d
21:21d(5+1)22n
22:19d(2+1)23n
23:18o(-1+1)24d
24:24o(-1+1)25d
25:25o(3+2)26d
26:26d(5+1)27n
27:24d(2+1)28n

"
H7N6F1E2L1,"RES
1b:b-dglc-HEX-1:5
2b:x-lgal-HEX-1:5|6:d
3s:n-acetyl
4b:b-dglc-HEX-1:5
5s:n-acetyl
6b:b-dman-HEX-1:5
7b:a-dman-HEX-1:5
8b:x-dglc-HEX-1:5
9b:x-dgal-HEX-1:5
10s:n-acetyl
11b:x-dglc-HEX-1:5
12b:x-dgal-HEX-1:5
13b:a-dgro-dgal-NON-2:6|1:a|2:keto|3:d
14s:n-acetyl
15s:n-acetyl
16b:a-dman-HEX-1:5
17b:x-dglc-HEX-1:5
18b:x-dgal-HEX-1:5
19b:a-dgro-dgal-NON-2:6|1:a|2:keto|3:d
20s:n-acetyl
21s:n-acetyl
22b:x-dglc-HEX-1:5
23b:x-dgal-HEX-1:5
24b:a-dgro-dgal-NON-2:6|1:a|2:keto|3:d
25s:n-acetyl
26s:n-acetyl
LIN
1:1o(-1+1)2d
2:1d(2+1)3n
3:1o(4+1)4d
4:4d(2+1)5n
5:4o(4+1)6d
6:6o(3+1)7d
7:7o(-1+1)8d
8:8o(-1+1)9d
9:8d(2+1)10n
10:7o(-1+1)11d
11:11o(-1+1)12d
12:12o(3+2)13d
13:13d(5+1)14n
14:11d(2+1)15n
15:6o(6+1)16d
16:16o(-1+1)17d
17:17o(-1+1)18d
18:18o(6+2)19d
19:19d(5+1)20n
20:17d(2+1)21n
21:16o(-1+1)22d
22:22o(-1+1)23d
23:23o(6+2)24d
24:24d(5+1)25n
25:22d(2+1)26n

"
H7N6F1E2L2,"RES
1b:b-dglc-HEX-1:5
2b:x-lgal-HEX-1:5|6:d
3s:n-acetyl
4b:b-dglc-HEX-1:5
5s:n-acetyl
6b:b-dman-HEX-1:5
7b:a-dman-HEX-1:5
8b:x-dglc-HEX-1:5
9b:x-dgal-HEX-1:5
10b:a-dgro-dgal-NON-2:6|1:a|2:keto|3:d
11s:n-acetyl
12s:n-acetyl
13b:x-dglc-HEX-1:5
14b:x-dgal-HEX-1:5
15b:a-dgro-dgal-NON-2:6|1:a|2:keto|3:d
16s:n-acetyl
17s:n-acetyl
18b:a-dman-HEX-1:5
19b:x-dglc-HEX-1:5
20b:x-dgal-HEX-1:5
21b:a-dgro-dgal-NON-2:6|1:a|2:keto|3:d
22s:n-acetyl
23s:n-acetyl
24b:x-dglc-HEX-1:5
25b:x-dgal-HEX-1:5
26b:a-dgro-dgal-NON-2:6|1:a|2:keto|3:d
27s:n-acetyl
28s:n-acetyl
LIN
1:1o(-1+1)2d
2:1d(2+1)3n
3:1o(4+1)4d
4:4d(2+1)5n
5:4o(4+1)6d
6:6o(3+1)7d
7:7o(-1+1)8d
8:8o(-1+1)9d
9:9o(3+2)10d
10:10d(5+1)11n
11:8d(2+1)12n
12:7o(-1+1)13d
13:13o(-1+1)14d
14:14o(3+2)15d
15:15d(5+1)16n
16:13d(2+1)17n
17:6o(6+1)18d
18:18o(-1+1)19d
19:19o(-1+1)20d
20:20o(6+2)21d
21:21d(5+1)22n
22:19d(2+1)23n
23:18o(-1+1)24d
24:24o(-1+1)25d
25:25o(6+2)26d
26:26d(5+1)27n
27:24d(2+1)28n

"
H7N6F2E1L2,"RES
1b:b-dglc-HEX-1:5
2b:x-lgal-HEX-1:5|6:d
3s:n-acetyl
4b:b-dglc-HEX-1:5
5s:n-acetyl
6b:b-dman-HEX-1:5
7b:a-dman-HEX-1:5
8b:x-dglc-HEX-1:5
9b:x-dgal-HEX-1:5
10s:n-acetyl
11b:x-dglc-HEX-1:5
12b:x-dgal-HEX-1:5
13b:a-dgro-dgal-NON-2:6|1:a|2:keto|3:d
14s:n-acetyl
15s:n-acetyl
16b:a-dman-HEX-1:5
17b:x-dglc-HEX-1:5
18b:x-dgal-HEX-1:5
19b:a-dgro-dgal-NON-2:6|1:a|2:keto|3:d
20s:n-acetyl
21s:n-acetyl
22b:x-dglc-HEX-1:5
23b:x-lgal-HEX-1:5|6:d
24b:x-dgal-HEX-1:5
25b:a-dgro-dgal-NON-2:6|1:a|2:keto|3:d
26s:n-acetyl
27s:n-acetyl
LIN
1:1o(-1+1)2d
2:1d(2+1)3n
3:1o(4+1)4d
4:4d(2+1)5n
5:4o(4+1)6d
6:6o(3+1)7d
7:7o(-1+1)8d
8:8o(-1+1)9d
9:8d(2+1)10n
10:7o(-1+1)11d
11:11o(-1+1)12d
12:12o(3+2)13d
13:13d(5+1)14n
14:11d(2+1)15n
15:6o(6+1)16d
16:16o(-1+1)17d
17:17o(-1+1)18d
18:18o(3+2)19d
19:19d(5+1)20n
20:17d(2+1)21n
21:16o(-1+1)22d
22:22o(-1+1)23d
23:22o(-1+1)24d
24:24o(6+2)25d
25:25d(5+1)26n
26:22d(2+1)27n

"
H7N6F2E1L3,"RES
1b:b-dglc-HEX-1:5
2b:x-lgal-HEX-1:5|6:d
3s:n-acetyl
4b:b-dglc-HEX-1:5
5s:n-acetyl
6b:b-dman-HEX-1:5
7b:a-dman-HEX-1:5
8b:x-dglc-HEX-1:5
9b:x-dgal-HEX-1:5
10b:a-dgro-dgal-NON-2:6|1:a|2:keto|3:d
11s:n-acetyl
12s:n-acetyl
13b:x-dglc-HEX-1:5
14b:x-dgal-HEX-1:5
15b:a-dgro-dgal-NON-2:6|1:a|2:keto|3:d
16s:n-acetyl
17s:n-acetyl
18b:a-dman-HEX-1:5
19b:x-dglc-HEX-1:5
20b:x-dgal-HEX-1:5
21b:a-dgro-dgal-NON-2:6|1:a|2:keto|3:d
22s:n-acetyl
23s:n-acetyl
24b:x-dglc-HEX-1:5
25b:x-lgal-HEX-1:5|6:d
26b:x-dgal-HEX-1:5
27b:a-dgro-dgal-NON-2:6|1:a|2:keto|3:d
28s:n-acetyl
29s:n-acetyl
LIN
1:1o(-1+1)2d
2:1d(2+1)3n
3:1o(4+1)4d
4:4d(2+1)5n
5:4o(4+1)6d
6:6o(3+1)7d
7:7o(-1+1)8d
8:8o(-1+1)9d
9:9o(3+2)10d
10:10d(5+1)11n
11:8d(2+1)12n
12:7o(-1+1)13d
13:13o(-1+1)14d
14:14o(3+2)15d
15:15d(5+1)16n
16:13d(2+1)17n
17:6o(6+1)18d
18:18o(-1+1)19d
19:19o(-1+1)20d
20:20o(3+2)21d
21:21d(5+1)22n
22:19d(2+1)23n
23:18o(-1+1)24d
24:24o(-1+1)25d
25:24o(-1+1)26d
26:26o(6+2)27d
27:27d(5+1)28n
28:24d(2+1)29n

"
H7N6F2E2L2,"RES
1b:b-dglc-HEX-1:5
2b:x-lgal-HEX-1:5|6:d
3s:n-acetyl
4b:b-dglc-HEX-1:5
5s:n-acetyl
6b:b-dman-HEX-1:5
7b:a-dman-HEX-1:5
8b:x-dglc-HEX-1:5
9b:x-dgal-HEX-1:5
10b:a-dgro-dgal-NON-2:6|1:a|2:keto|3:d
11s:n-acetyl
12s:n-acetyl
13b:x-dglc-HEX-1:5
14b:x-dgal-HEX-1:5
15b:a-dgro-dgal-NON-2:6|1:a|2:keto|3:d
16s:n-acetyl
17s:n-acetyl
18b:a-dman-HEX-1:5
19b:x-dglc-HEX-1:5
20b:x-dgal-HEX-1:5
21b:a-dgro-dgal-NON-2:6|1:a|2:keto|3:d
22s:n-acetyl
23s:n-acetyl
24b:x-dglc-HEX-1:5
25b:x-lgal-HEX-1:5|6:d
26b:x-dgal-HEX-1:5
27b:a-dgro-dgal-NON-2:6|1:a|2:keto|3:d
28s:n-acetyl
29s:n-acetyl
LIN
1:1o(-1+1)2d
2:1d(2+1)3n
3:1o(4+1)4d
4:4d(2+1)5n
5:4o(4+1)6d
6:6o(3+1)7d
7:7o(-1+1)8d
8:8o(-1+1)9d
9:9o(3+2)10d
10:10d(5+1)11n
11:8d(2+1)12n
12:7o(-1+1)13d
13:13o(-1+1)14d
14:14o(3+2)15d
15:15d(5+1)16n
16:13d(2+1)17n
17:6o(6+1)18d
18:18o(-1+1)19d
19:19o(-1+1)20d
20:20o(6+2)21d
21:21d(5+1)22n
22:19d(2+1)23n
23:18o(-1+1)24d
24:24o(-1+1)25d
25:24o(-1+1)26d
26:26o(6+2)27d
27:27d(5+1)28n
28:24d(2+1)29n

"
H8N2F0E0L0,"RES
1b:b-dglc-HEX-1:5
2s:n-acetyl
3b:b-dglc-HEX-1:5
4s:n-acetyl
5b:b-dman-HEX-1:5
6b:a-dman-HEX-1:5
7b:x-dman-HEX-1:5
8b:a-dman-HEX-1:5
9b:x-dman-HEX-1:5
10b:x-dman-HEX-1:5
11b:x-dman-HEX-1:5
12b:x-dman-HEX-1:5
LIN
1:1d(2+1)2n
2:1o(4+1)3d
3:3d(2+1)4n
4:3o(4+1)5d
5:5o(3+1)6d
6:6o(-1+1)7d
7:5o(6+1)8d
8:8o(-1+1)9d
9:9o(-1+1)10d
10:8o(-1+1)11d
11:11o(-1+1)12d

"
H9N2F0E0L0,"RES
1b:b-dglc-HEX-1:5
2s:n-acetyl
3b:b-dglc-HEX-1:5
4s:n-acetyl
5b:b-dman-HEX-1:5
6b:a-dman-HEX-1:5
7b:x-dman-HEX-1:5
8b:x-dman-HEX-1:5
9b:a-dman-HEX-1:5
10b:x-dman-HEX-1:5
11b:x-dman-HEX-1:5
12b:x-dman-HEX-1:5
13b:x-dman-HEX-1:5
LIN
1:1d(2+1)2n
2:1o(4+1)3d
3:3d(2+1)4n
4:3o(4+1)5d
5:5o(3+1)6d
6:6o(-1+1)7d
7:7o(-1+1)8d
8:5o(6+1)9d
9:9o(-1+1)10d
10:10o(-1+1)11d
11:9o(-1+1)12d
12:12o(-1+1)13d

"
